symbol,entry_time,exit_time,direction,lots,per_lot_risk,risk_pct_used,scaled_pnl,equity_after_entry,exit_reason,skipped
LC,2025-07-30 14:25:00,2025-07-30 14:30:00,long,3,300.0,0.9,1577.73,100000.0,take_profit,False
PS,2025-07-30 14:25:00,2025-07-30 14:30:00,long,1,660.0,0.66,1242.8,100000.0,take_profit,False
PS,2025-07-31 13:40:00,2025-07-31 13:45:00,long,2,300.0,0.584,-662.06,102820.53,stop_loss,False
LC,2025-08-04 09:10:00,2025-08-04 09:15:00,long,3,340.0,0.998,1818.63,102158.47,take_profit,False
PS,2025-08-04 09:10:00,2025-08-04 09:20:00,long,1,810.0,0.793,1546.03,102158.47,take_profit,False
LC,2025-08-04 13:40:00,2025-08-04 13:55:00,long,3,340.0,0.967,-1061.79,105523.13,stop_loss,False
PS,2025-08-04 13:40:00,2025-08-04 13:55:00,long,0,1275.0,0.0,-0.0,105523.13,stop_loss,True
LC,2025-08-05 13:40:00,2025-08-05 13:45:00,short,3,320.0,0.919,1699.29,104461.34,take_profit,False
PS,2025-08-05 13:40:00,2025-08-05 14:15:00,short,1,810.0,0.775,-839.77,104461.34,stop_loss,False
PS,2025-08-06 09:10:00,2025-08-06 10:05:00,long,0,1080.0,0.0,0.0,105320.86,take_profit,True
PS,2025-08-06 13:40:00,2025-08-06 13:50:00,long,1,945.0,0.897,-976.23,105320.86,stop_loss,False
PS,2025-08-07 09:10:00,2025-08-07 09:50:00,short,0,1050.0,0.0,0.0,104344.63,take_profit,True
LC,2025-08-07 13:40:00,2025-08-07 13:45:00,short,5,180.0,0.863,1427.25,104344.63,take_profit,False
PS,2025-08-07 13:40:00,2025-08-07 13:45:00,short,0,300.0,0.0,0.0,104344.63,take_profit,True
PS,2025-08-08 09:10:00,2025-08-08 09:45:00,short,0,1080.0,0.0,0.0,105771.88,take_profit,True
LC,2025-08-08 13:40:00,2025-08-08 14:20:00,long,1,600.0,0.567,1124.74,105771.88,take_profit,False
PS,2025-08-08 13:40:00,2025-08-08 14:55:00,long,0,1545.0,0.0,0.0,105771.88,forced_close,True
PS,2025-08-11 09:10:00,2025-08-11 09:15:00,long,2,150.0,0.281,-360.8,106896.62,stop_loss,False
LC,2025-08-13 09:10:00,2025-08-13 09:15:00,short,3,280.0,0.788,1449.9,106535.82,take_profit,False
LC,2025-08-13 13:40:00,2025-08-13 14:55:00,short,0,1240.0,0.0,0.0,107985.72,forced_close,True
PS,2025-08-13 13:40:00,2025-08-13 14:10:00,short,1,1035.0,0.958,1993.83,107985.72,take_profit,False
PS,2025-08-14 09:10:00,2025-08-14 09:15:00,short,1,690.0,0.627,1304.29,109979.55,take_profit,False
LC,2025-08-14 13:40:00,2025-08-14 13:45:00,long,4,260.0,0.935,-1106.84,111283.84,stop_loss,False
PS,2025-08-14 13:40:00,2025-08-14 13:45:00,long,0,345.0,0.0,-0.0,111283.84,stop_loss,True
LC,2025-08-15 09:10:00,2025-08-15 09:15:00,short,2,440.0,0.799,-913.84,110177.0,stop_loss,False
PS,2025-08-15 09:10:00,2025-08-15 09:35:00,short,1,945.0,0.858,-974.85,110177.0,stop_loss,False
PS,2025-08-18 09:10:00,2025-08-18 09:45:00,long,0,1125.0,0.0,-0.0,108288.31,stop_loss,True
LC,2025-08-18 13:40:00,2025-08-18 14:15:00,short,2,440.0,0.813,1604.46,108288.31,take_profit,False
LC,2025-08-19 09:10:00,2025-08-19 09:20:00,short,4,220.0,0.801,-950.0,109892.77,stop_loss,False
PS,2025-08-20 13:40:00,2025-08-20 13:55:00,long,1,720.0,0.661,1364.6,108942.77,take_profit,False
LC,2025-08-21 09:10:00,2025-08-21 09:50:00,short,1,560.0,0.508,-576.47,110307.37,stop_loss,False
LC,2025-08-22 09:10:00,2025-08-22 09:15:00,short,3,280.0,0.766,1450.86,109730.9,take_profit,False
PS,2025-08-22 09:10:00,2025-08-22 09:20:00,short,1,450.0,0.41,824.12,109730.9,take_profit,False
LC,2025-08-25 09:10:00,2025-08-25 09:20:00,short,4,260.0,0.929,1776.44,112005.88,take_profit,False
LC,2025-08-25 13:40:00,2025-08-25 13:55:00,long,2,380.0,0.668,-791.74,113782.32,stop_loss,False
PS,2025-08-26 13:40:00,2025-08-26 13:45:00,short,3,165.0,0.438,762.96,112990.58,take_profit,False
PS,2025-08-27 09:10:00,2025-08-27 09:15:00,short,3,180.0,0.475,-631.14,113753.54,stop_loss,False
PS,2025-08-28 13:40:00,2025-08-28 13:45:00,long,3,225.0,0.597,1126.74,113122.4,take_profit,False
LC,2025-09-01 09:10:00,2025-09-01 09:20:00,short,3,320.0,0.84,-1006.2,114249.14,stop_loss,False
PS,2025-09-01 09:10:00,2025-09-01 09:15:00,short,1,480.0,0.42,-509.27,114249.14,stop_loss,False
PS,2025-09-01 13:40:00,2025-09-01 13:45:00,short,3,210.0,0.559,-717.63,112733.67,stop_loss,False
PS,2025-09-02 13:40:00,2025-09-02 13:45:00,short,2,270.0,0.482,-602.44,112016.04,stop_loss,False
PS,2025-09-03 13:40:00,2025-09-03 13:45:00,long,2,135.0,0.242,-332.6,111413.6,stop_loss,False
LC,2025-09-04 09:10:00,2025-09-04 09:30:00,long,4,240.0,0.864,1622.36,111081.0,take_profit,False
LC,2025-09-04 13:40:00,2025-09-04 13:50:00,short,4,240.0,0.852,-1018.88,112703.36,stop_loss,False
PS,2025-09-05 09:10:00,2025-09-05 10:00:00,long,0,1260.0,0.0,0.0,111684.48,take_profit,True
LC,2025-09-08 09:10:00,2025-09-08 09:15:00,long,3,300.0,0.806,-944.7,111684.48,stop_loss,False
PS,2025-09-08 13:40:00,2025-09-08 13:50:00,long,2,420.0,0.759,-906.88,110739.78,stop_loss,False
LC,2025-09-09 09:10:00,2025-09-09 09:15:00,short,3,360.0,0.983,-1124.88,109832.9,stop_loss,False
LC,2025-09-10 09:10:00,2025-09-10 09:15:00,long,4,240.0,0.883,-1016.2,108708.02,stop_loss,False
LC,2025-09-10 13:40:00,2025-09-10 13:45:00,long,6,100.0,0.557,755.22,107691.82,take_profit,False
PS,2025-09-10 13:40:00,2025-09-10 13:50:00,long,0,225.0,0.0,0.0,107691.82,take_profit,True
PS,2025-09-11 13:40:00,2025-09-11 13:45:00,long,2,300.0,0.553,-663.74,108447.04,stop_loss,False
PS,2025-09-12 13:40:00,2025-09-12 13:55:00,long,1,975.0,0.905,-1007.46,107783.3,stop_loss,False
PS,2025-09-15 09:10:00,2025-09-15 09:25:00,short,1,585.0,0.548,-616.79,106775.84,stop_loss,False
PS,2025-09-15 13:40:00,2025-09-15 14:10:00,long,1,705.0,0.664,-737.22,106159.05,stop_loss,False
LC,2025-09-16 09:10:00,2025-09-16 09:30:00,short,3,300.0,0.854,1575.78,105421.83,take_profit,False
PS,2025-09-16 13:40:00,2025-09-16 13:45:00,long,2,210.0,0.393,-485.28,106997.61,stop_loss,False
PS,2025-09-17 09:10:00,2025-09-17 09:50:00,long,2,390.0,0.732,-844.14,106512.33,stop_loss,False
LC,2025-09-17 13:40:00,2025-09-17 14:15:00,long,5,180.0,0.852,-973.6,105668.19,stop_loss,False
LC,2025-09-18 09:10:00,2025-09-18 09:15:00,short,4,260.0,0.993,-1098.6,104694.59,stop_loss,False
LC,2025-09-19 09:10:00,2025-09-19 09:20:00,long,5,120.0,0.579,826.85,103595.99,take_profit,False
PS,2025-09-19 09:10:00,2025-09-19 09:20:00,long,0,435.0,0.0,0.0,103595.99,take_profit,True
PS,2025-09-19 13:40:00,2025-09-19 13:45:00,short,1,525.0,0.503,-556.29,104422.84,stop_loss,False
LC,2025-09-23 09:10:00,2025-09-23 09:55:00,long,4,240.0,0.924,-1018.56,103866.55,stop_loss,False
PS,2025-09-24 09:10:00,2025-09-24 10:50:00,long,1,525.0,0.51,974.7,102847.99,take_profit,False
PS,2025-09-25 09:10:00,2025-09-25 09:15:00,short,2,180.0,0.347,-421.68,103822.69,stop_loss,False
PS,2025-09-25 13:40:00,2025-09-25 13:50:00,long,2,465.0,0.899,1708.42,103401.01,take_profit,False
LC,2025-09-26 09:10:00,2025-09-26 09:50:00,long,3,340.0,0.97,-1063.59,105109.43,stop_loss,False
PS,2025-09-26 09:10:00,2025-09-26 09:45:00,long,0,1605.0,0.0,-0.0,105109.43,stop_loss,True
LC,2025-09-26 13:40:00,2025-09-26 13:45:00,long,5,140.0,0.673,-773.75,104045.84,stop_loss,False
LC,2025-09-29 09:10:00,2025-09-29 10:30:00,long,3,300.0,0.871,1576.17,103272.09,take_profit,False
LC,2025-10-09 09:10:00,2025-10-09 09:30:00,short,2,420.0,0.801,1530.7,104848.26,take_profit,False
PS,2025-10-09 13:40:00,2025-10-09 14:00:00,short,2,405.0,0.761,-869.56,106378.96,stop_loss,False
LC,2025-10-10 09:10:00,2025-10-10 09:35:00,long,5,200.0,0.948,-1073.55,105509.4,stop_loss,False
LC,2025-10-10 13:40:00,2025-10-10 14:55:00,short,3,280.0,0.804,496.29,104435.85,forced_close,False
LC,2025-10-15 09:10:00,2025-10-15 10:05:00,short,4,240.0,0.915,1621.4,104932.14,take_profit,False
PS,2025-10-15 09:10:00,2025-10-15 09:30:00,long,0,840.0,0.0,0.0,104932.14,take_profit,True
LC,2025-10-15 13:40:00,2025-10-15 13:55:00,short,6,100.0,0.563,-687.3,106553.54,stop_loss,False
LC,2025-10-16 13:40:00,2025-10-16 13:45:00,long,5,160.0,0.756,-874.0,105866.24,stop_loss,False
PS,2025-10-17 09:10:00,2025-10-17 09:15:00,short,1,720.0,0.686,-751.2,104992.24,stop_loss,False
LC,2025-10-17 13:40:00,2025-10-17 13:55:00,long,5,180.0,0.863,1423.65,104241.04,take_profit,False
PS,2025-10-20 09:10:00,2025-10-20 09:55:00,short,1,780.0,0.738,-810.83,105664.69,stop_loss,False
LC,2025-10-20 13:40:00,2025-10-20 13:45:00,short,5,80.0,0.381,-475.7,104853.86,stop_loss,False
PS,2025-10-20 13:40:00,2025-10-20 13:45:00,short,0,615.0,0.0,-0.0,104853.86,stop_loss,True
LC,2025-10-21 09:10:00,2025-10-21 09:15:00,long,4,260.0,0.996,-1100.92,104378.16,stop_loss,False
PS,2025-10-21 09:10:00,2025-10-21 09:55:00,long,0,420.0,0.0,0.0,104378.16,take_profit,True
LC,2025-10-22 09:10:00,2025-10-22 09:20:00,long,3,280.0,0.813,1453.92,103277.24,take_profit,False
PS,2025-10-22 09:10:00,2025-10-22 09:20:00,long,1,360.0,0.349,-390.21,103277.24,stop_loss,False
PS,2025-10-22 13:40:00,2025-10-22 13:55:00,short,2,480.0,0.92,1769.92,104340.95,take_profit,False
LC,2025-10-23 09:10:00,2025-10-23 10:10:00,long,3,340.0,0.961,1813.2,106110.87,take_profit,False
PS,2025-10-24 13:40:00,2025-10-24 13:45:00,long,2,240.0,0.445,-543.16,107924.07,stop_loss,False
LC,2025-10-27 09:10:00,2025-10-27 09:30:00,long,3,300.0,0.838,1571.73,107380.91,take_profit,False
PS,2025-10-28 09:10:00,2025-10-28 09:30:00,long,1,765.0,0.702,-797.83,108952.64,stop_loss,False
PS,2025-10-28 13:40:00,2025-10-28 13:50:00,short,2,330.0,0.61,-725.22,108154.81,stop_loss,False
PS,2025-10-29 09:10:00,2025-10-29 09:15:00,short,2,300.0,0.559,-665.32,107429.59,stop_loss,False
LC,2025-10-30 09:10:00,2025-10-30 11:25:00,long,1,720.0,0.674,1363.15,106764.27,take_profit,False
PS,2025-10-31 09:10:00,2025-10-31 09:15:00,long,2,420.0,0.777,-907.02,108127.42,stop_loss,False
PS,2025-10-31 13:40:00,2025-10-31 14:05:00,short,1,735.0,0.686,-768.5,107220.4,stop_loss,False
PS,2025-11-03 09:10:00,2025-11-03 09:25:00,long,2,465.0,0.874,-997.02,106451.9,stop_loss,False
PS,2025-11-03 13:40:00,2025-11-03 13:50:00,long,1,585.0,0.555,-618.72,105454.88,stop_loss,False
LC,2025-11-04 09:10:00,2025-11-04 09:20:00,short,4,260.0,0.992,-1105.32,104836.16,stop_loss,False
PS,2025-11-04 13:40:00,2025-11-04 13:45:00,long,2,150.0,0.289,-365.44,103730.84,stop_loss,False
PS,2025-11-05 09:10:00,2025-11-05 09:20:00,short,2,360.0,0.697,-783.96,103365.4,stop_loss,False
PS,2025-11-05 13:40:00,2025-11-05 14:00:00,short,2,210.0,0.409,685.72,102581.44,take_profit,False
PS,2025-11-06 09:10:00,2025-11-06 09:20:00,short,2,165.0,0.32,-393.96,103267.16,stop_loss,False
LC,2025-11-06 13:40:00,2025-11-06 13:45:00,long,5,200.0,0.972,1620.3,102873.2,take_profit,False
PS,2025-11-07 13:40:00,2025-11-07 14:10:00,short,2,405.0,0.775,1466.16,104493.5,take_profit,False
LC,2025-11-10 13:40:00,2025-11-10 14:25:00,short,2,420.0,0.793,-874.46,105959.66,stop_loss,False
PS,2025-11-10 13:40:00,2025-11-10 13:45:00,short,1,270.0,0.255,-301.9,105959.66,stop_loss,False
LC,2025-11-11 09:10:00,2025-11-11 09:20:00,short,4,240.0,0.916,1610.56,104783.3,take_profit,False
PS,2025-11-12 13:40:00,2025-11-12 13:55:00,long,2,525.0,0.987,1947.88,106393.86,take_profit,False
LC,2025-11-13 13:40:00,2025-11-13 13:50:00,long,3,300.0,0.831,-953.67,108341.74,stop_loss,False
PS,2025-11-13 13:40:00,2025-11-13 13:50:00,long,1,480.0,0.443,-512.55,108341.74,stop_loss,False
PS,2025-11-14 09:10:00,2025-11-14 09:30:00,short,1,750.0,0.702,-782.57,106875.52,stop_loss,False
LC,2025-11-14 13:40:00,2025-11-14 13:45:00,short,5,180.0,0.848,-987.35,106092.95,stop_loss,False
PS,2025-11-14 13:40:00,2025-11-14 14:00:00,short,0,345.0,0.0,0.0,106092.95,take_profit,True
PS,2025-11-17 09:10:00,2025-11-17 09:45:00,short,1,840.0,0.799,-871.91,105105.6,stop_loss,False
PS,2025-11-17 13:40:00,2025-11-17 13:55:00,short,1,840.0,0.806,-871.7,104233.69,stop_loss,False
PS,2025-11-18 09:10:00,2025-11-18 09:15:00,short,2,465.0,0.9,-992.94,103361.99,stop_loss,False
LC,2025-11-18 13:40:00,2025-11-18 13:55:00,long,2,500.0,0.977,-1037.58,102369.05,stop_loss,False
PS,2025-11-18 13:40:00,2025-11-18 13:55:00,long,1,315.0,0.308,553.6,102369.05,take_profit,False
LC,2025-11-19 09:10:00,2025-11-19 09:15:00,long,1,620.0,0.609,1160.78,101885.07,take_profit,False
LC,2025-11-20 09:10:00,2025-11-20 09:15:00,long,2,380.0,0.738,-800.62,103045.85,stop_loss,False
PS,2025-11-20 13:40:00,2025-11-20 13:45:00,short,2,180.0,0.352,566.56,102245.23,take_profit,False
LC,2025-11-24 13:40:00,2025-11-24 14:15:00,long,1,740.0,0.72,-758.25,102811.79,stop_loss,False
LC,2025-11-25 09:10:00,2025-11-25 09:15:00,short,3,320.0,0.941,-1015.11,102053.54,stop_loss,False
LC,2025-11-25 13:40:00,2025-11-25 13:50:00,long,3,280.0,0.831,-896.07,101038.43,stop_loss,False
PS,2025-11-26 09:10:00,2025-11-26 09:15:00,long,2,285.0,0.569,983.94,100142.36,take_profit,False
LC,2025-11-26 13:40:00,2025-11-26 14:55:00,short,0,1680.0,0.0,-0.0,101126.3,forced_close,True
PS,2025-11-26 13:40:00,2025-11-26 14:00:00,short,0,1665.0,0.0,-0.0,101126.3,stop_loss,True
LC,2025-11-27 09:10:00,2025-11-27 10:00:00,short,1,620.0,0.613,-639.43,101126.3,stop_loss,False
PS,2025-11-27 09:10:00,2025-11-27 09:15:00,long,1,465.0,0.46,851.13,101126.3,take_profit,False
PS,2025-11-27 13:40:00,2025-11-27 13:45:00,short,2,345.0,0.681,-756.6,101338.0,stop_loss,False
LC,2025-11-28 09:10:00,2025-11-28 10:05:00,long,2,380.0,0.756,1361.3,100581.4,take_profit,False
PS,2025-11-28 09:10:00,2025-11-28 09:55:00,long,1,615.0,0.611,1151.5,100581.4,take_profit,False
LC,2025-11-28 13:40:00,2025-11-28 13:45:00,long,4,120.0,0.466,-557.64,103094.2,stop_loss,False
PS,2025-11-28 13:40:00,2025-11-28 13:45:00,long,0,300.0,0.0,-0.0,103094.2,stop_loss,True
LC,2025-12-02 13:40:00,2025-12-02 13:45:00,long,4,180.0,0.702,1122.64,102536.56,take_profit,False
LC,2025-12-03 13:40:00,2025-12-03 14:15:00,short,1,700.0,0.675,1321.29,103659.2,take_profit,False
PS,2025-12-04 13:40:00,2025-12-04 13:55:00,short,1,540.0,0.514,-574.02,104980.49,stop_loss,False
PS,2025-12-05 09:10:00,2025-12-05 09:40:00,short,2,510.0,0.977,1882.52,104406.47,take_profit,False
PS,2025-12-08 13:40:00,2025-12-08 13:45:00,short,2,105.0,0.198,-274.72,106288.99,stop_loss,False
LC,2025-12-10 09:10:00,2025-12-10 09:15:00,short,4,200.0,0.755,-875.04,106014.27,stop_loss,False
PS,2025-12-10 09:10:00,2025-12-10 09:25:00,short,0,615.0,0.0,0.0,106014.27,take_profit,True
LC,2025-12-10 13:40:00,2025-12-10 13:50:00,long,4,220.0,0.837,-956.36,105139.23,stop_loss,False
PS,2025-12-10 13:40:00,2025-12-10 13:45:00,long,0,270.0,0.0,-0.0,105139.23,stop_loss,True
LC,2025-12-11 09:10:00,2025-12-11 09:30:00,long,2,520.0,0.998,1921.22,104182.87,take_profit,False
LC,2025-12-12 09:10:00,2025-12-12 09:35:00,long,1,540.0,0.509,999.81,106104.09,take_profit,False
PS,2025-12-15 09:10:00,2025-12-15 09:55:00,long,1,1050.0,0.98,2020.62,107103.9,take_profit,False
PS,2025-12-16 09:10:00,2025-12-16 09:15:00,long,0,1365.0,0.0,-0.0,109124.52,stop_loss,True
LC,2025-12-16 13:40:00,2025-12-16 14:10:00,long,3,320.0,0.88,-1020.72,109124.52,stop_loss,False
PS,2025-12-16 13:40:00,2025-12-16 13:45:00,short,0,225.0,0.0,0.0,109124.52,take_profit,True
LC,2025-12-17 09:10:00,2025-12-17 09:30:00,long,1,720.0,0.666,1358.89,108103.8,take_profit,False
PS,2025-12-17 09:10:00,2025-12-17 09:45:00,long,0,1695.0,0.0,0.0,108103.8,take_profit,True
LC,2025-12-17 13:40:00,2025-12-17 14:15:00,short,1,640.0,0.585,-661.6,109462.69,stop_loss,False
LC,2025-12-18 09:10:00,2025-12-18 09:20:00,long,2,400.0,0.735,-842.94,108801.09,stop_loss,False
PS,2025-12-18 09:10:00,2025-12-18 09:15:00,long,1,630.0,0.579,1178.04,108801.09,take_profit,False
LC,2025-12-18 13:40:00,2025-12-18 14:55:00,short,0,1560.0,0.0,0.0,109136.19,forced_close,True
PS,2025-12-18 13:40:00,2025-12-18 14:55:00,short,0,1635.0,0.0,0.0,109136.19,forced_close,True
LC,2025-12-19 09:10:00,2025-12-19 09:15:00,long,2,380.0,0.696,-802.88,109136.19,stop_loss,False
PS,2025-12-19 09:10:00,2025-12-19 09:15:00,long,1,120.0,0.11,-155.8,109136.19,stop_loss,False
PS,2025-12-19 13:40:00,2025-12-19 13:45:00,long,1,600.0,0.555,-636.53,108177.51,stop_loss,False
LC,2025-12-19 13:40:00,2025-12-19 13:50:00,long,1,760.0,0.703,-782.39,108177.51,stop_loss,False
PS,2025-12-22 09:10:00,2025-12-22 09:35:00,long,2,480.0,0.899,1757.6,106758.59,take_profit,False
PS,2025-12-22 13:40:00,2025-12-22 14:15:00,short,1,1080.0,0.995,2079.39,108516.19,take_profit,False
LC,2025-12-23 09:10:00,2025-12-23 09:35:00,short,0,1400.0,0.0,-0.0,110595.58,stop_loss,True
PS,2025-12-23 13:40:00,2025-12-23 13:50:00,short,2,420.0,0.76,-910.96,110595.58,stop_loss,False
LC,2025-12-24 09:10:00,2025-12-24 09:50:00,long,1,1080.0,0.985,2075.39,109684.62,take_profit,False
PS,2025-12-24 09:10:00,2025-12-24 09:30:00,long,0,1755.0,0.0,-0.0,109684.62,stop_loss,True
PS,2025-12-24 13:40:00,2025-12-24 13:45:00,long,2,525.0,0.94,-1120.12,111760.01,stop_loss,False
LC,2025-12-25 13:40:00,2025-12-25 14:05:00,long,1,840.0,0.759,1595.51,110639.89,take_profit,False
PS,2025-12-25 13:40:00,2025-12-25 13:45:00,long,1,330.0,0.298,-365.95,110639.89,stop_loss,False
LC,2025-12-26 13:40:00,2025-12-26 13:45:00,long,3,120.0,0.322,462.39,111869.45,take_profit,False
PS,2025-12-26 13:40:00,2025-12-26 13:45:00,short,0,690.0,0.0,-0.0,111869.45,stop_loss,True
PS,2025-12-29 13:40:00,2025-12-29 14:00:00,short,1,1095.0,0.975,2110.04,112331.84,take_profit,False
PS,2025-12-30 09:10:00,2025-12-30 09:15:00,long,2,405.0,0.708,1461.66,114441.88,take_profit,False
LC,2025-12-30 13:40:00,2025-12-30 14:05:00,short,0,1400.0,0.0,-0.0,115903.54,stop_loss,True
PS,2025-12-31 13:40:00,2025-12-31 14:00:00,short,2,570.0,0.984,-1208.0,115903.54,stop_loss,False
LC,2025-12-31 13:40:00,2025-12-31 13:50:00,short,1,640.0,0.552,1196.05,115903.54,take_profit,False
LC,2026-01-05 09:10:00,2026-01-05 09:25:00,short,1,920.0,0.794,-944.75,115891.59,stop_loss,False
LC,2026-01-05 13:40:00,2026-01-05 13:45:00,short,2,420.0,0.731,-890.74,114946.84,stop_loss,False
PS,2026-01-05 13:40:00,2026-01-05 13:55:00,short,1,525.0,0.457,-559.9,114946.84,stop_loss,False
PS,2026-01-06 09:10:00,2026-01-06 09:15:00,short,2,345.0,0.608,-761.86,113496.2,stop_loss,False
PS,2026-01-07 09:10:00,2026-01-07 11:25:00,short,0,2475.0,0.0,-0.0,112734.34,forced_close,True
LC,2026-01-07 13:40:00,2026-01-07 13:55:00,short,1,1120.0,0.993,-1147.97,112734.34,stop_loss,False
PS,2026-01-07 13:40:00,2026-01-07 14:00:00,short,1,315.0,0.279,549.92,112734.34,take_profit,False
LC,2026-01-08 09:10:00,2026-01-08 09:15:00,long,1,600.0,0.535,1110.96,112136.29,take_profit,False
LC,2026-01-09 13:40:00,2026-01-09 14:00:00,short,0,1540.0,0.0,-0.0,113247.25,stop_loss,True
PS,2026-01-09 13:40:00,2026-01-09 14:05:00,short,2,540.0,0.954,2008.04,113247.25,take_profit,False
PS,2026-01-13 09:10:00,2026-01-13 09:15:00,short,1,870.0,0.755,-900.14,115255.29,stop_loss,False
LC,2026-01-13 13:40:00,2026-01-13 14:30:00,long,0,2720.0,0.0,-0.0,114355.15,stop_loss,True
LC,2026-01-14 09:10:00,2026-01-14 09:15:00,short,1,940.0,0.822,1786.39,114355.15,take_profit,False
PS,2026-01-14 13:40:00,2026-01-14 14:35:00,short,0,1185.0,0.0,-0.0,116141.54,stop_loss,True
LC,2026-01-14 13:40:00,2026-01-14 13:50:00,short,1,880.0,0.758,1666.94,116141.54,take_profit,False
LC,2026-01-15 09:10:00,2026-01-15 09:15:00,short,0,1440.0,0.0,0.0,117808.48,take_profit,True
PS,2026-01-15 09:10:00,2026-01-15 09:15:00,short,2,555.0,0.942,-1169.02,117808.48,stop_loss,False
LC,2026-01-15 13:40:00,2026-01-15 14:55:00,long,0,3280.0,0.0,0.0,116639.46,forced_close,True
PS,2026-01-15 13:40:00,2026-01-15 13:45:00,short,3,240.0,0.617,-807.78,116639.46,stop_loss,False
LC,2026-01-16 09:10:00,2026-01-16 09:15:00,short,1,820.0,0.708,-852.69,115831.68,stop_loss,False
LC,2026-01-19 09:10:00,2026-01-19 10:10:00,short,0,3240.0,0.0,-0.0,114978.99,stop_loss,True
PS,2026-01-19 09:10:00,2026-01-19 09:20:00,short,0,1275.0,0.0,-0.0,114978.99,stop_loss,True
LC,2026-01-19 13:40:00,2026-01-19 13:45:00,short,1,600.0,0.522,-629.28,114978.99,stop_loss,False
PS,2026-01-21 09:10:00,2026-01-21 09:15:00,short,1,840.0,0.735,1605.51,114349.71,take_profit,False
LC,2026-01-21 13:40:00,2026-01-21 13:50:00,long,2,400.0,0.69,1413.42,115955.22,take_profit,False
PS,2026-01-21 13:40:00,2026-01-21 13:45:00,long,1,165.0,0.142,-194.53,115955.22,stop_loss,False
AG,2026-01-21 21:40:00,2026-01-21 22:10:00,long,0,2490.0,0.0,-0.0,117174.11,stop_loss,True
PS,2026-01-22 09:10:00,2026-01-22 09:15:00,long,2,480.0,0.819,1769.76,117174.11,take_profit,False
LC,2026-01-22 09:10:00,2026-01-22 09:15:00,long,1,520.0,0.444,-553.79,117174.11,stop_loss,False
AG,2026-01-22 09:10:00,2026-01-22 10:55:00,long,0,1455.0,0.0,0.0,117174.11,take_profit,True
LC,2026-01-22 13:40:00,2026-01-22 14:00:00,short,0,2560.0,0.0,-0.0,118390.08,stop_loss,True
LC,2026-01-23 09:10:00,2026-01-23 09:15:00,short,1,760.0,0.642,-795.29,118390.08,stop_loss,False
PS,2026-01-23 09:10:00,2026-01-23 09:15:00,short,2,360.0,0.608,-781.06,118390.08,stop_loss,False
AG,2026-01-23 13:40:00,2026-01-23 13:55:00,long,1,495.0,0.424,-569.92,116813.73,stop_loss,False
LC,2026-01-26 09:10:00,2026-01-26 09:15:00,long,1,900.0,0.774,-937.59,116243.81,stop_loss,False
AG,2026-01-26 13:40:00,2026-01-26 13:45:00,short,0,1410.0,0.0,-0.0,115306.22,stop_loss,True
AG,2026-01-26 21:10:00,2026-01-26 21:30:00,long,0,2610.0,0.0,-0.0,115306.22,stop_loss,True
AG,2026-01-27 09:10:00,2026-01-27 09:45:00,long,0,4800.0,0.0,-0.0,115306.22,stop_loss,True
LC,2026-01-27 13:40:00,2026-01-27 14:00:00,short,0,2260.0,0.0,-0.0,115306.22,stop_loss,True
AG,2026-01-28 09:10:00,2026-01-28 11:00:00,short,0,2625.0,0.0,-0.0,115306.22,stop_loss,True
AG,2026-01-28 13:40:00,2026-01-28 13:45:00,long,1,1050.0,0.911,-1138.24,115306.22,stop_loss,False
AG,2026-01-28 21:10:00,2026-01-28 21:30:00,short,0,3495.0,0.0,-0.0,114167.98,stop_loss,True
PS,2026-01-29 09:10:00,2026-01-29 10:05:00,short,0,1755.0,0.0,0.0,114167.98,take_profit,True
LC,2026-01-29 09:10:00,2026-01-29 09:40:00,short,0,4660.0,0.0,-0.0,114167.98,stop_loss,True
LC,2026-01-29 13:40:00,2026-01-29 13:45:00,long,1,1040.0,0.911,-1074.4,114167.98,stop_loss,False
PS,2026-01-29 13:40:00,2026-01-29 13:50:00,long,2,285.0,0.499,-630.16,114167.98,stop_loss,False
AG,2026-01-29 21:10:00,2026-01-29 21:20:00,short,0,2625.0,0.0,-0.0,112463.42,stop_loss,True
AG,2026-01-30 09:10:00,2026-01-30 10:30:00,short,0,11340.0,0.0,0.0,112463.42,take_profit,True
LC,2026-01-30 09:10:00,2026-01-30 09:15:00,short,1,860.0,0.765,-892.2,112463.42,stop_loss,False
PS,2026-01-30 09:10:00,2026-01-30 11:25:00,short,0,3540.0,0.0,0.0,112463.42,forced_close,True
PS,2026-01-30 13:40:00,2026-01-30 13:45:00,long,0,1155.0,0.0,-0.0,111571.22,stop_loss,True
LC,2026-02-02 09:10:00,2026-02-02 09:25:00,short,0,4320.0,0.0,-0.0,111571.22,stop_loss,True
LC,2026-02-02 13:40:00,2026-02-02 13:45:00,short,0,3260.0,0.0,0.0,111571.22,take_profit,True
AG,2026-02-03 09:10:00,2026-02-03 09:30:00,long,0,6015.0,0.0,0.0,111571.22,take_profit,True
LC,2026-02-03 09:10:00,2026-02-03 09:15:00,long,1,980.0,0.878,-1009.36,111571.22,stop_loss,False
PS,2026-02-03 09:10:00,2026-02-03 09:25:00,short,1,810.0,0.726,-839.16,111571.22,stop_loss,False
AG,2026-02-03 21:10:00,2026-02-04 01:10:00,long,0,5535.0,0.0,-0.0,109722.7,stop_loss,True
PS,2026-02-04 09:10:00,2026-02-04 09:15:00,short,1,720.0,0.656,1365.04,109722.7,take_profit,False
AG,2026-02-04 21:10:00,2026-02-04 21:15:00,short,0,2220.0,0.0,-0.0,111087.74,stop_loss,True
LC,2026-02-05 09:10:00,2026-02-05 10:10:00,short,0,2640.0,0.0,0.0,111087.74,take_profit,True
PS,2026-02-05 09:10:00,2026-02-05 09:15:00,short,1,615.0,0.554,1154.66,111087.74,take_profit,False
AG,2026-02-05 09:10:00,2026-02-05 10:10:00,short,0,6075.0,0.0,0.0,111087.74,take_profit,True
AG,2026-02-05 13:40:00,2026-02-05 14:05:00,long,0,3105.0,0.0,0.0,112242.4,take_profit,True
AG,2026-02-06 09:10:00,2026-02-06 09:15:00,long,0,1185.0,0.0,-0.0,112242.4,stop_loss,True
PS,2026-02-06 09:10:00,2026-02-06 09:20:00,long,0,1455.0,0.0,-0.0,112242.4,stop_loss,True
LC,2026-02-06 13:40:00,2026-02-06 13:45:00,long,1,600.0,0.535,-627.43,112242.4,stop_loss,False
AG,2026-02-06 21:10:00,2026-02-06 21:25:00,short,0,2985.0,0.0,-0.0,111614.97,stop_loss,True
AG,2026-02-09 09:10:00,2026-02-09 11:25:00,long,0,3795.0,0.0,0.0,111614.97,forced_close,True
LC,2026-02-10 09:10:00,2026-02-10 09:30:00,long,1,980.0,0.878,1872.55,111614.97,take_profit,False
AG,2026-02-10 13:40:00,2026-02-10 14:25:00,long,0,1140.0,0.0,-0.0,113487.52,stop_loss,True
AG,2026-02-10 21:10:00,2026-02-10 21:25:00,long,1,480.0,0.423,-541.54,113487.52,stop_loss,False
PS,2026-02-11 13:40:00,2026-02-11 13:45:00,long,3,120.0,0.319,496.92,112945.98,take_profit,False
LC,2026-02-12 09:10:00,2026-02-12 09:30:00,short,0,1740.0,0.0,-0.0,113442.9,stop_loss,True
PS,2026-02-12 09:10:00,2026-02-12 09:15:00,short,3,360.0,0.952,-1167.12,113442.9,stop_loss,False
PS,2026-02-12 13:40:00,2026-02-12 14:15:00,short,3,300.0,0.802,-988.29,112275.78,stop_loss,False
LC,2026-02-12 13:40:00,2026-02-12 13:50:00,long,0,2180.0,0.0,-0.0,112275.78,stop_loss,True
AG,2026-02-12 13:40:00,2026-02-12 13:45:00,long,0,600.0,0.0,-0.0,112275.78,stop_loss,True
PS,2026-02-13 09:10:00,2026-02-13 09:15:00,long,1,570.0,0.512,1065.72,111287.49,take_profit,False
LC,2026-02-13 13:40:00,2026-02-13 14:40:00,long,0,1800.0,0.0,-0.0,112353.21,stop_loss,True
AG,2026-02-24 09:10:00,2026-02-24 09:15:00,short,0,2325.0,0.0,0.0,112353.21,take_profit,True
AG,2026-02-24 13:40:00,2026-02-24 14:10:00,long,0,2250.0,0.0,0.0,112353.21,take_profit,True
PS,2026-02-24 13:40:00,2026-02-24 13:50:00,short,1,900.0,0.801,1726.13,112353.21,take_profit,False
AG,2026-02-24 21:10:00,2026-02-24 21:15:00,long,1,690.0,0.605,-757.27,114079.34,stop_loss,False
AG,2026-02-25 09:10:00,2026-02-25 09:20:00,long,0,1230.0,0.0,0.0,113322.07,take_profit,True
AG,2026-02-25 13:40:00,2026-02-25 14:05:00,long,0,2580.0,0.0,-0.0,113322.07,stop_loss,True
LC,2026-02-25 13:40:00,2026-02-25 14:00:00,long,1,1020.0,0.9,-1054.14,113322.07,stop_loss,False
AG,2026-02-25 21:10:00,2026-02-25 21:20:00,short,0,1365.0,0.0,-0.0,112267.93,stop_loss,True
PS,2026-02-26 09:10:00,2026-02-26 11:25:00,short,0,2010.0,0.0,0.0,112267.93,forced_close,True
PS,2026-02-26 13:40:00,2026-02-26 14:55:00,short,2,495.0,0.882,1204.3,112267.93,forced_close,False
PS,2026-02-27 09:10:00,2026-02-27 09:25:00,short,2,510.0,0.899,-1074.8,113472.23,stop_loss,False
AG,2026-02-27 09:10:00,2026-02-27 09:15:00,short,0,630.0,0.0,-0.0,113472.23,stop_loss,True
LC,2026-02-27 09:10:00,2026-02-27 11:25:00,short,0,5720.0,0.0,-0.0,113472.23,forced_close,True
AG,2026-02-27 13:40:00,2026-02-27 13:50:00,short,1,690.0,0.614,-758.66,112397.43,stop_loss,False
AG,2026-02-27 21:10:00,2026-02-27 21:15:00,long,1,525.0,0.47,935.14,111638.77,take_profit,False
AG,2026-03-02 09:10:00,2026-03-02 09:20:00,long,0,2505.0,0.0,-0.0,112573.91,stop_loss,True
AG,2026-03-02 13:40:00,2026-03-02 14:15:00,long,1,1065.0,0.946,2012.25,112573.91,take_profit,False
AG,2026-03-02 21:10:00,2026-03-02 22:05:00,short,0,2100.0,0.0,0.0,114586.16,take_profit,True
LC,2026-03-03 09:10:00,2026-03-03 09:50:00,short,0,3520.0,0.0,0.0,114586.16,take_profit,True
AG,2026-03-03 13:40:00,2026-03-03 13:45:00,short,1,1065.0,0.929,2017.26,114586.16,take_profit,False
LC,2026-03-03 13:40:00,2026-03-03 14:55:00,short,0,420.0,0.0,0.0,114586.16,forced_close,True
AG,2026-03-04 09:10:00,2026-03-04 09:25:00,long,0,1290.0,0.0,-0.0,116603.42,stop_loss,True
LC,2026-03-04 09:10:00,2026-03-04 09:15:00,long,1,1160.0,0.995,-1190.65,116603.42,stop_loss,False
PS,2026-03-04 09:10:00,2026-03-04 11:25:00,short,1,1065.0,0.913,574.68,116603.42,forced_close,False
LC,2026-03-04 13:40:00,2026-03-04 14:55:00,short,0,1780.0,0.0,-0.0,115987.45,stop_loss,True
PS,2026-03-05 09:10:00,2026-03-05 09:25:00,long,0,1620.0,0.0,-0.0,115987.45,stop_loss,True
PS,2026-03-05 13:40:00,2026-03-05 13:45:00,short,3,165.0,0.427,778.14,115987.45,take_profit,False
AG,2026-03-06 09:10:00,2026-03-06 09:20:00,long,0,1275.0,0.0,0.0,116765.59,take_profit,True
AG,2026-03-06 13:40:00,2026-03-06 13:45:00,long,1,180.0,0.154,-245.07,116765.59,stop_loss,False
AG,2026-03-09 09:10:00,2026-03-09 09:55:00,long,0,1860.0,0.0,0.0,116520.52,take_profit,True
LC,2026-03-09 09:10:00,2026-03-09 09:30:00,long,0,1340.0,0.0,-0.0,116520.52,stop_loss,True
AG,2026-03-10 09:10:00,2026-03-10 09:15:00,short,1,975.0,0.837,-1042.29,116520.52,stop_loss,False
PS,2026-03-10 09:10:00,2026-03-10 11:25:00,short,0,1695.0,0.0,0.0,116520.52,forced_close,True
LC,2026-03-10 13:40:00,2026-03-10 13:45:00,long,1,620.0,0.537,-652.43,115478.23,stop_loss,False
LC,2026-03-11 09:10:00,2026-03-11 09:15:00,short,1,840.0,0.732,1587.35,114825.8,take_profit,False
AG,2026-03-11 13:40:00,2026-03-11 13:45:00,long,1,720.0,0.618,-787.08,116413.15,stop_loss,False
LC,2026-03-11 13:40:00,2026-03-11 13:50:00,long,0,1320.0,0.0,-0.0,116413.15,stop_loss,True
AG,2026-03-11 21:10:00,2026-03-11 21:15:00,long,1,240.0,0.208,-305.69,115626.07,stop_loss,False
LC,2026-03-12 09:10:00,2026-03-12 09:55:00,long,0,1160.0,0.0,-0.0,115320.38,stop_loss,True
PS,2026-03-12 09:10:00,2026-03-12 09:25:00,long,3,360.0,0.937,-1157.34,115320.38,stop_loss,False
LC,2026-03-12 13:40:00,2026-03-12 13:45:00,long,2,560.0,0.981,-1181.98,114163.04,stop_loss,False
AG,2026-03-12 13:40:00,2026-03-12 13:50:00,long,0,510.0,0.0,-0.0,114163.04,stop_loss,True
AG,2026-03-12 21:10:00,2026-03-12 21:15:00,long,1,480.0,0.425,-546.66,112981.06,stop_loss,False
LC,2026-03-13 09:10:00,2026-03-13 09:45:00,long,0,2120.0,0.0,-0.0,112434.4,stop_loss,True
PS,2026-03-13 09:10:00,2026-03-13 09:25:00,long,1,570.0,0.507,1068.59,112434.4,take_profit,False
AG,2026-03-13 13:40:00,2026-03-13 14:20:00,short,0,1950.0,0.0,0.0,113502.99,take_profit,True
LC,2026-03-13 13:40:00,2026-03-13 13:45:00,short,1,780.0,0.687,1468.7,113502.99,take_profit,False
PS,2026-03-13 13:40:00,2026-03-13 13:45:00,short,2,75.0,0.132,158.2,113502.99,take_profit,False
AG,2026-03-16 09:10:00,2026-03-16 11:25:00,short,0,8490.0,0.0,-0.0,115129.89,forced_close,True
PS,2026-03-16 09:10:00,2026-03-16 11:25:00,long,1,1110.0,0.964,349.66,115129.89,forced_close,False
AG,2026-03-16 13:40:00,2026-03-16 13:50:00,long,1,660.0,0.572,-720.88,115479.55,stop_loss,False
PS,2026-03-16 13:40:00,2026-03-16 13:50:00,long,1,405.0,0.351,-430.35,115479.55,stop_loss,False
AG,2026-03-16 21:10:00,2026-03-16 21:20:00,long,1,990.0,0.866,1873.87,114328.32,take_profit,False
AG,2026-03-17 13:40:00,2026-03-17 13:50:00,short,1,810.0,0.697,1513.2,116202.19,take_profit,False
LC,2026-03-17 13:40:00,2026-03-17 14:55:00,short,1,860.0,0.74,248.91,116202.19,forced_close,False
LC,2026-03-18 13:40:00,2026-03-18 14:10:00,long,1,840.0,0.712,1589.4,117964.3,take_profit,False
PS,2026-03-19 09:10:00,2026-03-19 09:55:00,short,1,990.0,0.828,1911.81,119553.7,take_profit,False
AG,2026-03-19 13:40:00,2026-03-19 13:55:00,short,1,1155.0,0.951,2209.38,121465.51,take_profit,False
LC,2026-03-19 13:40:00,2026-03-19 14:30:00,short,0,1400.0,0.0,0.0,121465.51,take_profit,True
AG,2026-03-20 09:10:00,2026-03-20 09:15:00,short,1,825.0,0.667,-879.41,123674.89,stop_loss,False
LC,2026-03-20 09:10:00,2026-03-20 09:15:00,short,1,600.0,0.485,-629.42,123674.89,stop_loss,False
PS,2026-03-20 09:10:00,2026-03-20 10:00:00,short,0,900.0,0.0,0.0,123674.89,take_profit,True
LC,2026-03-20 13:40:00,2026-03-20 14:30:00,short,1,660.0,0.54,1230.33,122166.06,take_profit,False
AG,2026-03-20 21:10:00,2026-03-20 21:15:00,short,1,1125.0,0.912,-1177.82,123396.39,stop_loss,False
PS,2026-03-23 09:10:00,2026-03-23 09:40:00,long,0,1860.0,0.0,-0.0,122218.57,stop_loss,True
PS,2026-03-23 13:40:00,2026-03-23 13:50:00,short,2,570.0,0.933,2145.1,122218.57,take_profit,False
AG,2026-03-23 21:10:00,2026-03-23 21:15:00,long,0,1350.0,0.0,-0.0,124363.67,stop_loss,True
AG,2026-03-24 09:10:00,2026-03-24 09:35:00,short,0,3060.0,0.0,-0.0,124363.67,stop_loss,True
LC,2026-03-24 09:10:00,2026-03-24 09:20:00,short,0,1980.0,0.0,-0.0,124363.67,stop_loss,True
PS,2026-03-24 09:10:00,2026-03-24 09:15:00,short,2,525.0,0.844,1966.68,124363.67,take_profit,False
PS,2026-03-24 13:40:00,2026-03-24 14:00:00,long,2,600.0,0.95,-1242.36,126330.35,stop_loss,False
LC,2026-03-24 13:40:00,2026-03-24 13:50:00,long,1,880.0,0.697,1669.31,126330.35,take_profit,False
AG,2026-03-24 13:40:00,2026-03-24 14:05:00,long,0,1590.0,0.0,0.0,126330.35,take_profit,True
AG,2026-03-25 13:40:00,2026-03-25 13:50:00,long,0,1500.0,0.0,-0.0,126757.3,stop_loss,True
PS,2026-03-25 13:40:00,2026-03-25 13:50:00,long,3,375.0,0.888,-1191.06,126757.3,stop_loss,False
AG,2026-03-25 21:10:00,2026-03-25 21:45:00,short,1,720.0,0.573,1340.78,125566.24,take_profit,False
AG,2026-03-26 09:10:00,2026-03-26 09:15:00,short,1,735.0,0.579,1371.71,126907.02,take_profit,False
LC,2026-03-26 09:10:00,2026-03-26 09:35:00,short,1,1200.0,0.946,-1231.52,126907.02,stop_loss,False
PS,2026-03-26 09:10:00,2026-03-26 09:40:00,short,0,1350.0,0.0,-0.0,126907.02,stop_loss,True
AG,2026-03-26 13:40:00,2026-03-26 13:55:00,short,1,1245.0,0.98,2392.36,127047.21,take_profit,False
AG,2026-03-26 21:10:00,2026-03-26 21:20:00,long,1,690.0,0.533,1283.33,129439.57,take_profit,False
LC,2026-03-27 09:10:00,2026-03-27 10:30:00,long,0,1580.0,0.0,0.0,130722.9,take_profit,True
PS,2026-03-30 13:40:00,2026-03-30 13:50:00,long,1,750.0,0.574,1433.01,130722.9,take_profit,False
AG,2026-03-30 21:10:00,2026-03-30 21:30:00,short,2,660.0,0.999,2442.66,132155.91,take_profit,False
AG,2026-03-31 09:10:00,2026-03-31 09:15:00,long,1,1245.0,0.925,2391.07,134598.57,take_profit,False
PS,2026-03-31 09:10:00,2026-03-31 09:15:00,long,2,270.0,0.401,-583.86,134598.57,stop_loss,False
AG,2026-03-31 21:10:00,2026-03-31 21:25:00,long,1,825.0,0.605,-880.05,136405.78,stop_loss,False
AG,2026-04-01 21:10:00,2026-04-01 21:15:00,long,2,285.0,0.421,937.14,135525.73,take_profit,False
PS,2026-04-02 09:10:00,2026-04-02 09:15:00,short,5,210.0,0.769,1768.35,136462.87,take_profit,False
AG,2026-04-02 13:40:00,2026-04-02 13:45:00,short,1,810.0,0.586,1522.1,138231.22,take_profit,False
LC,2026-04-02 13:40:00,2026-04-02 13:45:00,long,1,1280.0,0.926,-1311.69,138231.22,stop_loss,False
AG,2026-04-03 09:10:00,2026-04-03 09:15:00,long,1,855.0,0.618,1610.29,138441.63,take_profit,False
PS,2026-04-03 09:10:00,2026-04-03 09:25:00,long,2,420.0,0.607,1548.62,138441.63,take_profit,False
AG,2026-04-03 13:40:00,2026-04-03 14:40:00,long,1,885.0,0.625,-938.52,141600.54,stop_loss,False
LC,2026-04-03 13:40:00,2026-04-03 14:15:00,long,2,680.0,0.96,-1423.16,141600.54,stop_loss,False
PS,2026-04-03 13:40:00,2026-04-03 13:50:00,short,0,285.0,0.0,-0.0,141600.54,stop_loss,True
AG,2026-04-07 09:10:00,2026-04-07 09:15:00,short,1,975.0,0.7,-1029.04,139238.86,stop_loss,False
LC,2026-04-07 09:10:00,2026-04-07 09:20:00,long,1,420.0,0.302,748.08,139238.86,take_profit,False
LC,2026-04-07 13:40:00,2026-04-07 13:45:00,long,3,160.0,0.345,-576.18,138957.9,stop_loss,False
LC,2026-04-08 13:40:00,2026-04-08 13:50:00,long,2,680.0,0.983,-1423.92,138381.72,stop_loss,False
AG,2026-04-08 21:10:00,2026-04-08 21:30:00,short,2,555.0,0.81,2016.52,136957.8,take_profit,False
PS,2026-04-09 09:10:00,2026-04-09 11:25:00,short,1,1110.0,0.799,1105.89,138974.32,forced_close,False
LC,2026-04-09 09:10:00,2026-04-09 10:00:00,short,1,1240.0,0.892,-1270.94,138974.32,stop_loss,False
AG,2026-04-09 13:40:00,2026-04-09 13:45:00,long,2,660.0,0.951,-1429.56,138809.27,stop_loss,False
LC,2026-04-09 13:40:00,2026-04-09 14:55:00,short,0,1580.0,0.0,0.0,138809.27,forced_close,True
AG,2026-04-10 09:10:00,2026-04-10 09:15:00,long,2,390.0,0.568,1357.78,137379.71,take_profit,False
LC,2026-04-10 09:10:00,2026-04-10 09:15:00,short,0,460.0,0.0,-0.0,137379.71,stop_loss,True
LC,2026-04-10 13:40:00,2026-04-10 13:45:00,short,2,520.0,0.75,-1101.5,138737.49,stop_loss,False
PS,2026-04-10 13:40:00,2026-04-10 14:15:00,short,2,450.0,0.649,-938.58,138737.49,stop_loss,False
LC,2026-04-13 09:10:00,2026-04-13 10:05:00,long,0,1520.0,0.0,0.0,136697.41,take_profit,True
PS,2026-04-13 09:10:00,2026-04-13 09:50:00,long,1,1095.0,0.801,-1114.51,136697.41,stop_loss,False
LC,2026-04-13 13:40:00,2026-04-13 13:45:00,short,2,600.0,0.885,-1265.48,135582.9,stop_loss,False
AG,2026-04-13 21:10:00,2026-04-13 21:30:00,long,2,615.0,0.916,2259.74,134317.42,take_profit,False
PS,2026-04-14 09:10:00,2026-04-14 09:15:00,long,5,270.0,0.988,2369.2,136577.16,take_profit,False
LC,2026-04-14 13:40:00,2026-04-14 14:00:00,long,3,440.0,0.95,2360.52,138946.36,take_profit,False
AG,2026-04-15 09:10:00,2026-04-15 10:50:00,long,0,2595.0,0.0,-0.0,141306.88,stop_loss,True
LC,2026-04-15 09:10:00,2026-04-15 09:20:00,long,1,800.0,0.566,-834.2,141306.88,stop_loss,False
PS,2026-04-15 13:40:00,2026-04-15 13:45:00,long,2,540.0,0.769,-1126.9,140472.68,stop_loss,False
AG,2026-04-15 13:40:00,2026-04-15 13:50:00,short,1,1110.0,0.79,-1168.78,140472.68,stop_loss,False
AG,2026-04-15 21:10:00,2026-04-15 21:55:00,long,1,930.0,0.673,1755.67,138177.0,take_profit,False
AG,2026-04-16 09:10:00,2026-04-16 09:30:00,long,1,645.0,0.461,-704.81,139932.67,stop_loss,False
LC,2026-04-16 09:10:00,2026-04-16 09:20:00,short,1,860.0,0.615,-894.19,139932.67,stop_loss,False
AG,2026-04-16 13:40:00,2026-04-16 13:50:00,short,1,810.0,0.586,-869.79,138333.67,stop_loss,False
AG,2026-04-16 21:10:00,2026-04-16 21:15:00,short,1,495.0,0.36,-554.31,137463.88,stop_loss,False
AG,2026-04-17 09:10:00,2026-04-17 09:55:00,short,0,1785.0,0.0,-0.0,136909.57,stop_loss,True
AG,2026-04-17 13:40:00,2026-04-17 13:55:00,long,1,360.0,0.263,-418.93,136909.57,stop_loss,False
LC,2026-04-17 13:40:00,2026-04-17 13:45:00,long,1,320.0,0.234,-354.94,136909.57,stop_loss,False
AG,2026-04-20 09:10:00,2026-04-20 09:30:00,short,1,930.0,0.683,-989.78,136135.7,stop_loss,False
LC,2026-04-20 09:10:00,2026-04-20 11:25:00,long,0,1820.0,0.0,-0.0,136135.7,forced_close,True
PS,2026-04-20 09:10:00,2026-04-20 09:15:00,short,2,465.0,0.683,-978.26,136135.7,stop_loss,False
AG,2026-04-20 13:40:00,2026-04-20 14:55:00,short,0,2055.0,0.0,-0.0,134167.66,forced_close,True
AG,2026-04-20 21:10:00,2026-04-20 21:15:00,long,1,180.0,0.134,255.14,134167.66,take_profit,False
LC,2026-04-21 13:40:00,2026-04-21 13:45:00,long,1,940.0,0.699,-974.79,134422.8,stop_loss,False
AG,2026-04-21 13:40:00,2026-04-21 13:45:00,long,1,330.0,0.245,-389.25,134422.8,stop_loss,False
AG,2026-04-21 21:10:00,2026-04-21 21:15:00,short,1,705.0,0.53,-763.45,133058.76,stop_loss,False
AG,2026-04-22 09:10:00,2026-04-22 09:15:00,short,1,435.0,0.329,-492.97,132295.31,stop_loss,False
PS,2026-04-22 13:40:00,2026-04-22 13:45:00,short,3,345.0,0.785,-1116.09,131802.34,stop_loss,False
AG,2026-04-23 09:10:00,2026-04-23 09:50:00,short,1,1260.0,0.964,2416.81,130686.25,take_profit,False
PS,2026-04-23 09:10:00,2026-04-23 09:15:00,long,1,1200.0,0.918,-1227.61,130686.25,stop_loss,False
AG,2026-04-23 13:40:00,2026-04-23 13:45:00,short,1,150.0,0.114,-206.84,131875.45,stop_loss,False
LC,2026-04-23 13:40:00,2026-04-23 14:05:00,long,1,940.0,0.713,-975.09,131875.45,stop_loss,False
PS,2026-04-23 13:40:00,2026-04-23 13:45:00,long,0,405.0,0.0,0.0,131875.45,take_profit,True
AG,2026-04-23 21:10:00,2026-04-23 22:00:00,short,1,825.0,0.631,1548.19,130693.52,take_profit,False
AG,2026-04-24 09:10:00,2026-04-24 09:15:00,long,1,585.0,0.442,-641.58,132241.71,stop_loss,False
PS,2026-04-24 09:10:00,2026-04-24 09:45:00,long,1,780.0,0.59,-805.71,132241.71,stop_loss,False
AG,2026-04-24 13:40:00,2026-04-24 14:25:00,short,1,960.0,0.734,1819.16,130794.42,take_profit,False
PS,2026-04-24 13:40:00,2026-04-24 13:45:00,short,2,135.0,0.206,400.48,130794.42,take_profit,False
AG,2026-04-24 21:10:00,2026-04-24 21:15:00,long,1,120.0,0.09,-176.12,133014.06,stop_loss,False
PS,2026-04-27 09:10:00,2026-04-27 09:15:00,short,1,1035.0,0.779,-1058.96,132837.94,stop_loss,False
AG,2026-04-27 09:10:00,2026-04-27 10:45:00,short,0,1455.0,0.0,-0.0,132837.94,stop_loss,True
AG,2026-04-27 21:10:00,2026-04-27 21:20:00,short,1,780.0,0.592,-835.95,131778.98,stop_loss,False
AG,2026-04-28 09:10:00,2026-04-28 09:30:00,short,1,525.0,0.401,949.01,130943.03,take_profit,False
LC,2026-04-28 09:10:00,2026-04-28 09:15:00,short,1,460.0,0.351,-495.7,130943.03,stop_loss,False
AG,2026-04-28 13:40:00,2026-04-28 13:55:00,short,1,1110.0,0.845,-1164.4,131396.34,stop_loss,False
PS,2026-04-28 13:40:00,2026-04-28 13:50:00,short,2,375.0,0.571,-795.58,131396.34,stop_loss,False
LC,2026-04-29 09:10:00,2026-04-29 09:35:00,short,1,960.0,0.742,-995.29,129436.36,stop_loss,False
AG,2026-04-29 13:40:00,2026-04-29 14:10:00,long,1,720.0,0.561,-774.5,128441.07,stop_loss,False
LC,2026-04-29 13:40:00,2026-04-29 14:55:00,long,0,1400.0,0.0,0.0,128441.07,forced_close,True
PS,2026-04-29 13:40:00,2026-04-29 14:55:00,short,0,2115.0,0.0,0.0,128441.07,forced_close,True
AG,2026-04-30 09:10:00,2026-04-30 11:25:00,long,0,1545.0,0.0,-0.0,127666.57,forced_close,True
PS,2026-04-30 09:10:00,2026-04-30 09:25:00,long,2,570.0,0.893,-1186.44,127666.57,stop_loss,False
AG,2026-04-30 13:40:00,2026-04-30 13:45:00,short,1,255.0,0.202,-308.7,126480.13,stop_loss,False
PS,2026-05-06 09:10:00,2026-05-06 09:15:00,short,3,330.0,0.785,-1060.11,126171.43,stop_loss,False
LC,2026-05-06 09:10:00,2026-05-06 09:15:00,long,0,440.0,0.0,-0.0,126171.43,stop_loss,True
AG,2026-05-06 13:40:00,2026-05-06 14:55:00,long,0,1320.0,0.0,0.0,125111.32,forced_close,True
LC,2026-05-06 13:40:00,2026-05-06 13:45:00,long,2,120.0,0.192,280.9,125111.32,take_profit,False
PS,2026-05-06 13:40:00,2026-05-06 13:45:00,short,1,165.0,0.132,-188.51,125111.32,stop_loss,False
AG,2026-05-07 09:10:00,2026-05-07 11:25:00,long,0,1695.0,0.0,-0.0,125203.71,forced_close,True
PS,2026-05-07 09:10:00,2026-05-07 09:25:00,long,1,960.0,0.767,1850.8,125203.71,take_profit,False
AG,2026-05-07 13:40:00,2026-05-07 13:55:00,short,1,240.0,0.189,377.14,127054.51,take_profit,False
LC,2026-05-07 13:40:00,2026-05-07 14:55:00,long,0,2160.0,0.0,-0.0,127054.51,forced_close,True
AG,2026-05-07 21:10:00,2026-05-07 22:10:00,short,0,1485.0,0.0,-0.0,127431.65,stop_loss,True
AG,2026-05-08 09:10:00,2026-05-08 09:15:00,long,1,120.0,0.094,-179.35,127431.65,stop_loss,False
LC,2026-05-08 09:10:00,2026-05-08 09:40:00,long,1,1020.0,0.8,-1059.98,127431.65,stop_loss,False
PS,2026-05-08 09:10:00,2026-05-08 09:20:00,short,0,465.0,0.0,-0.0,127431.65,stop_loss,True
LC,2026-05-08 13:40:00,2026-05-08 13:50:00,short,2,500.0,0.792,1801.1,126192.32,take_profit,False
PS,2026-05-08 13:40:00,2026-05-08 13:45:00,short,1,285.0,0.226,-308.83,126192.32,stop_loss,False
AG,2026-05-08 21:10:00,2026-05-08 21:20:00,short,1,930.0,0.728,-989.73,127684.59,stop_loss,False
AG,2026-05-11 09:10:00,2026-05-11 09:15:00,short,1,420.0,0.332,-479.22,126694.86,stop_loss,False
AG,2026-05-11 13:40:00,2026-05-11 14:30:00,short,0,1815.0,0.0,-0.0,126215.64,stop_loss,True
LC,2026-05-11 13:40:00,2026-05-11 13:45:00,long,2,180.0,0.285,-441.34,126215.64,stop_loss,False
AG,2026-05-11 21:10:00,2026-05-11 22:30:00,long,0,1920.0,0.0,-0.0,125774.3,stop_loss,True
PS,2026-05-12 09:10:00,2026-05-12 09:50:00,short,1,780.0,0.62,1492.66,125774.3,take_profit,False
AG,2026-05-12 21:10:00,2026-05-12 21:15:00,short,1,540.0,0.424,972.67,127266.96,take_profit,False
AG,2026-05-13 09:10:00,2026-05-13 09:15:00,long,1,960.0,0.749,-1024.39,128239.63,stop_loss,False
LC,2026-05-13 09:10:00,2026-05-13 09:20:00,short,0,1500.0,0.0,0.0,128239.63,take_profit,True
LC,2026-05-13 13:40:00,2026-05-13 14:25:00,long,1,1020.0,0.802,1940.0,127215.24,take_profit,False
AG,2026-05-13 21:10:00,2026-05-13 21:35:00,long,1,1140.0,0.883,-1204.1,129155.24,stop_loss,False
AG,2026-05-14 09:10:00,2026-05-14 11:25:00,short,0,2040.0,0.0,0.0,127951.14,forced_close,True
AG,2026-05-14 13:40:00,2026-05-14 13:50:00,long,1,615.0,0.481,-679.33,127951.14,stop_loss,False
AG,2026-05-14 21:10:00,2026-05-14 21:15:00,long,1,675.0,0.53,-738.59,127271.81,stop_loss,False
PS,2026-05-15 09:10:00,2026-05-15 09:35:00,long,2,615.0,0.972,-1275.26,126533.22,stop_loss,False
AG,2026-05-15 09:10:00,2026-05-15 09:15:00,short,0,330.0,0.0,-0.0,126533.22,stop_loss,True
AG,2026-05-15 13:40:00,2026-05-15 14:10:00,short,0,1275.0,0.0,0.0,125257.96,take_profit,True
LC,2026-05-15 13:40:00,2026-05-15 13:50:00,short,0,1880.0,0.0,-0.0,125257.96,stop_loss,True
PS,2026-05-15 13:40:00,2026-05-15 14:10:00,short,1,810.0,0.647,1552.79,125257.96,take_profit,False
AG,2026-05-18 09:10:00,2026-05-18 09:35:00,short,0,2220.0,0.0,-0.0,126810.75,stop_loss,True
AG,2026-05-18 21:10:00,2026-05-18 22:05:00,long,1,1020.0,0.804,-1077.08,126810.75,stop_loss,False
LC,2026-05-19 09:10:00,2026-05-19 10:05:00,short,0,3000.0,0.0,0.0,125733.67,take_profit,True
LC,2026-05-19 13:40:00,2026-05-19 13:55:00,short,2,620.0,0.986,-1313.64,125733.67,stop_loss,False
PS,2026-05-19 13:40:00,2026-05-19 14:20:00,long,1,300.0,0.239,-321.81,125733.67,stop_loss,False
AG,2026-05-19 21:10:00,2026-05-19 21:15:00,short,1,255.0,0.205,-310.55,124098.22,stop_loss,False
AG,2026-05-20 09:10:00,2026-05-20 09:15:00,long,1,315.0,0.254,530.43,123787.67,take_profit,False
LC,2026-05-20 09:10:00,2026-05-20 10:00:00,short,0,1300.0,0.0,0.0,123787.67,take_profit,True
LC,2026-05-20 13:40:00,2026-05-20 13:45:00,short,2,220.0,0.354,688.16,124318.1,take_profit,False
AG,2026-05-20 21:10:00,2026-05-20 21:15:00,long,1,1050.0,0.84,-1105.19,125006.26,stop_loss,False
AG,2026-05-21 09:10:00,2026-05-21 09:50:00,long,1,1230.0,0.993,-1286.27,123901.07,stop_loss,False
AG,2026-05-21 21:10:00,2026-05-21 21:15:00,short,1,465.0,0.379,-520.03,122614.8,stop_loss,False
LC,2026-05-22 09:10:00,2026-05-22 09:15:00,short,2,320.0,0.524,-711.34,122094.77,stop_loss,False
LC,2026-05-25 09:10:00,2026-05-25 09:40:00,long,0,1660.0,0.0,-0.0,121383.43,stop_loss,True
LC,2026-05-25 13:40:00,2026-05-25 13:45:00,short,2,520.0,0.857,1887.48,121383.43,take_profit,False
AG,2026-05-26 09:10:00,2026-05-26 09:15:00,long,1,645.0,0.523,-701.66,123270.91,stop_loss,False
LC,2026-05-26 09:10:00,2026-05-26 09:15:00,long,1,580.0,0.471,1063.66,123270.91,take_profit,False
AG,2026-05-26 13:40:00,2026-05-26 13:45:00,short,1,240.0,0.194,379.02,123632.91,take_profit,False
PS,2026-05-26 13:40:00,2026-05-26 13:45:00,short,2,105.0,0.17,-255.44,123632.91,stop_loss,False
AG,2026-05-26 21:10:00,2026-05-26 21:15:00,short,1,270.0,0.218,-325.86,123756.49,stop_loss,False
PS,2026-05-27 09:10:00,2026-05-27 09:15:00,long,4,225.0,0.729,-989.6,123430.63,stop_loss,False
LC,2026-05-27 13:40:00,2026-05-27 14:55:00,short,0,2500.0,0.0,0.0,122441.03,forced_close,True
AG,2026-05-27 21:10:00,2026-05-27 21:30:00,short,1,930.0,0.76,-984.24,122441.03,stop_loss,False
LC,2026-05-28 09:10:00,2026-05-28 09:30:00,long,1,660.0,0.543,1224.47,121456.79,take_profit,False
AG,2026-05-28 09:10:00,2026-05-28 09:50:00,short,0,1680.0,0.0,0.0,121456.79,take_profit,True
LC,2026-05-28 13:40:00,2026-05-28 14:55:00,long,0,1320.0,0.0,-0.0,122681.26,forced_close,True
AG,2026-05-28 21:10:00,2026-05-28 21:15:00,short,1,570.0,0.465,-623.66,122681.26,stop_loss,False
AG,2026-05-29 09:10:00,2026-05-29 09:30:00,long,1,810.0,0.664,-865.53,122057.6,stop_loss,False
