symbol,trading_date,session_kind,direction,entry_time,entry_price,stop_price,exit_time,exit_price,exit_reason,multiplier,per_lot_risk,pnl,return_pct
PS,2025-07-30,日盘,long,2025-07-30 14:25:00,53455.0,53235.0,2025-07-30 14:30:00,54005.0,take_profit,3,660.0,1617.76,0.0809
PS,2025-07-31,日盘,long,2025-07-31 13:40:00,51770.0,51670.0,2025-07-31 13:45:00,51670.0,stop_loss,3,300.0,-331.03,-0.0166
PS,2025-08-04,日盘,long,2025-08-04 09:10:00,48020.0,47750.0,2025-08-04 09:35:00,48695.0,take_profit,3,810.0,1995.99,0.0998
PS,2025-08-04,日盘,long,2025-08-04 13:40:00,48665.0,48240.0,2025-08-04 13:55:00,48240.0,stop_loss,3,1275.0,-1304.07,-0.0652
PS,2025-08-05,日盘,short,2025-08-05 13:40:00,49485.0,49755.0,2025-08-05 14:15:00,49755.0,stop_loss,3,810.0,-839.77,-0.042
PS,2025-08-06,日盘,long,2025-08-06 09:10:00,51055.0,50695.0,2025-08-06 10:10:00,51955.0,take_profit,3,1080.0,2669.1,0.1335
PS,2025-08-06,日盘,long,2025-08-06 13:40:00,52210.0,51895.0,2025-08-06 13:50:00,51895.0,stop_loss,3,945.0,-976.23,-0.0488
PS,2025-08-07,日盘,short,2025-08-07 09:10:00,50995.0,51345.0,2025-08-07 11:25:00,50875.0,forced_close,3,1050.0,329.44,0.0165
PS,2025-08-07,日盘,short,2025-08-07 13:40:00,50965.0,51065.0,2025-08-07 13:45:00,50715.0,take_profit,3,300.0,719.5,0.036
PS,2025-08-08,日盘,short,2025-08-08 09:10:00,49915.0,50275.0,2025-08-08 11:25:00,49580.0,forced_close,3,1080.0,975.15,0.0488
PS,2025-08-08,日盘,long,2025-08-08 13:40:00,50060.0,49545.0,2025-08-08 14:55:00,50790.0,forced_close,3,1545.0,2159.74,0.108
PS,2025-08-11,日盘,long,2025-08-11 09:10:00,50700.0,50650.0,2025-08-11 09:15:00,50650.0,stop_loss,3,150.0,-180.4,-0.009
PS,2025-08-13,日盘,short,2025-08-13 13:40:00,52280.0,52625.0,2025-08-13 14:10:00,51417.5,take_profit,3,1035.0,2556.39,0.1278
PS,2025-08-14,日盘,short,2025-08-14 09:10:00,51400.0,51630.0,2025-08-14 09:20:00,50825.0,take_profit,3,690.0,1694.33,0.0847
PS,2025-08-14,日盘,long,2025-08-14 13:40:00,49745.0,49630.0,2025-08-14 13:45:00,49630.0,stop_loss,3,345.0,-374.81,-0.0187
PS,2025-08-15,日盘,short,2025-08-15 09:10:00,49590.0,49905.0,2025-08-15 09:35:00,49905.0,stop_loss,3,945.0,-974.85,-0.0487
PS,2025-08-18,日盘,long,2025-08-18 09:10:00,53020.0,52645.0,2025-08-18 09:45:00,52645.0,stop_loss,3,1125.0,-1156.7,-0.0578
PS,2025-08-20,日盘,long,2025-08-20 13:40:00,50430.0,50190.0,2025-08-20 14:10:00,51030.0,take_profit,3,720.0,1769.56,0.0885
PS,2025-08-22,日盘,short,2025-08-22 09:10:00,51605.0,51755.0,2025-08-22 09:20:00,51230.0,take_profit,3,450.0,1094.15,0.0547
PS,2025-08-26,日盘,short,2025-08-26 13:40:00,51180.0,51235.0,2025-08-26 13:45:00,51042.5,take_profit,3,165.0,381.83,0.0191
PS,2025-08-27,日盘,short,2025-08-27 09:10:00,50600.0,50660.0,2025-08-27 09:15:00,50660.0,stop_loss,3,180.0,-210.38,-0.0105
PS,2025-08-28,日盘,long,2025-08-28 13:40:00,48960.0,48885.0,2025-08-28 13:45:00,49147.5,take_profit,3,225.0,533.07,0.0267
PS,2025-09-01,日盘,short,2025-09-01 09:10:00,48705.0,48865.0,2025-09-01 09:15:00,48865.0,stop_loss,3,480.0,-509.27,-0.0255
PS,2025-09-01,日盘,short,2025-09-01 13:40:00,48655.0,48725.0,2025-09-01 13:45:00,48725.0,stop_loss,3,210.0,-239.21,-0.012
PS,2025-09-02,日盘,short,2025-09-02 13:40:00,51985.0,52075.0,2025-09-02 13:45:00,52075.0,stop_loss,3,270.0,-301.22,-0.0151
PS,2025-09-03,日盘,long,2025-09-03 13:40:00,52190.0,52145.0,2025-09-03 13:45:00,52145.0,stop_loss,3,135.0,-166.3,-0.0083
PS,2025-09-05,日盘,long,2025-09-05 09:10:00,53900.0,53480.0,2025-09-05 11:05:00,54950.0,take_profit,3,1260.0,3117.34,0.1559
PS,2025-09-08,日盘,long,2025-09-08 13:40:00,55795.0,55655.0,2025-09-08 13:50:00,55655.0,stop_loss,3,420.0,-453.44,-0.0227
PS,2025-09-10,日盘,long,2025-09-10 13:40:00,53100.0,53025.0,2025-09-10 13:50:00,53287.5,take_profit,3,225.0,530.58,0.0265
PS,2025-09-11,日盘,long,2025-09-11 13:40:00,53170.0,53070.0,2025-09-11 13:45:00,53070.0,stop_loss,3,300.0,-331.87,-0.0166
PS,2025-09-12,日盘,long,2025-09-12 13:40:00,54260.0,53935.0,2025-09-12 13:55:00,53935.0,stop_loss,3,975.0,-1007.46,-0.0504
PS,2025-09-15,日盘,short,2025-09-15 09:10:00,52885.0,53080.0,2025-09-15 09:25:00,53080.0,stop_loss,3,585.0,-616.79,-0.0308
PS,2025-09-15,日盘,long,2025-09-15 13:40:00,53820.0,53585.0,2025-09-15 14:10:00,53585.0,stop_loss,3,705.0,-737.22,-0.0369
PS,2025-09-16,日盘,long,2025-09-16 13:40:00,54440.0,54370.0,2025-09-16 13:45:00,54370.0,stop_loss,3,210.0,-242.64,-0.0121
PS,2025-09-17,日盘,long,2025-09-17 09:10:00,53520.0,53390.0,2025-09-17 09:50:00,53390.0,stop_loss,3,390.0,-422.07,-0.0211
PS,2025-09-19,日盘,long,2025-09-19 09:10:00,53760.0,53615.0,2025-09-19 09:50:00,53615.0,stop_loss,3,435.0,-467.21,-0.0234
PS,2025-09-19,日盘,short,2025-09-19 13:40:00,52060.0,52235.0,2025-09-19 13:45:00,52235.0,stop_loss,3,525.0,-556.29,-0.0278
PS,2025-09-24,日盘,long,2025-09-24 09:10:00,50340.0,50165.0,2025-09-24 10:50:00,50777.5,take_profit,3,525.0,1282.16,0.0641
PS,2025-09-25,日盘,short,2025-09-25 09:10:00,51375.0,51435.0,2025-09-25 09:15:00,51435.0,stop_loss,3,180.0,-210.84,-0.0105
PS,2025-09-25,日盘,long,2025-09-25 13:40:00,51175.0,51020.0,2025-09-25 13:50:00,51562.5,take_profit,3,465.0,1131.68,0.0566
PS,2025-09-26,日盘,long,2025-09-26 09:10:00,51565.0,51030.0,2025-09-26 09:45:00,51030.0,stop_loss,3,1605.0,-1635.78,-0.0818
PS,2025-10-09,日盘,short,2025-10-09 13:40:00,49560.0,49695.0,2025-10-09 14:00:00,49695.0,stop_loss,3,405.0,-434.78,-0.0217
PS,2025-10-15,日盘,long,2025-10-15 09:10:00,50310.0,50030.0,2025-10-15 09:50:00,51010.0,take_profit,3,840.0,2069.6,0.1035
PS,2025-10-17,日盘,short,2025-10-17 09:10:00,51885.0,52125.0,2025-10-17 09:15:00,52125.0,stop_loss,3,720.0,-751.2,-0.0376
PS,2025-10-20,日盘,short,2025-10-20 09:10:00,51255.0,51515.0,2025-10-20 09:55:00,51515.0,stop_loss,3,780.0,-810.83,-0.0405
PS,2025-10-20,日盘,short,2025-10-20 13:40:00,51160.0,51365.0,2025-10-20 13:45:00,51365.0,stop_loss,3,615.0,-645.76,-0.0323
PS,2025-10-21,日盘,long,2025-10-21 09:10:00,50555.0,50415.0,2025-10-21 10:40:00,50905.0,take_profit,3,420.0,1019.56,0.051
PS,2025-10-22,日盘,long,2025-10-22 09:10:00,50405.0,50285.0,2025-10-22 09:20:00,50285.0,stop_loss,3,360.0,-390.21,-0.0195
PS,2025-10-22,日盘,short,2025-10-22 13:40:00,50225.0,50385.0,2025-10-22 14:30:00,50385.0,stop_loss,3,480.0,-510.18,-0.0255
PS,2025-10-24,日盘,long,2025-10-24 13:40:00,52675.0,52595.0,2025-10-24 13:45:00,52595.0,stop_loss,3,240.0,-271.58,-0.0136
PS,2025-10-28,日盘,long,2025-10-28 09:10:00,54840.0,54585.0,2025-10-28 09:30:00,54585.0,stop_loss,3,765.0,-797.83,-0.0399
PS,2025-10-28,日盘,short,2025-10-28 13:40:00,54295.0,54405.0,2025-10-28 13:50:00,54405.0,stop_loss,3,330.0,-362.61,-0.0181
PS,2025-10-29,日盘,short,2025-10-29 09:10:00,54385.0,54485.0,2025-10-29 09:15:00,54485.0,stop_loss,3,300.0,-332.66,-0.0166
PS,2025-10-31,日盘,long,2025-10-31 09:10:00,55915.0,55775.0,2025-10-31 09:15:00,55775.0,stop_loss,3,420.0,-453.51,-0.0227
PS,2025-10-31,日盘,short,2025-10-31 13:40:00,55710.0,55955.0,2025-10-31 14:05:00,55955.0,stop_loss,3,735.0,-768.5,-0.0384
PS,2025-11-03,日盘,long,2025-11-03 09:10:00,55930.0,55775.0,2025-11-03 09:25:00,55775.0,stop_loss,3,465.0,-498.51,-0.0249
PS,2025-11-03,日盘,long,2025-11-03 13:40:00,56300.0,56105.0,2025-11-03 13:50:00,56105.0,stop_loss,3,585.0,-618.72,-0.0309
PS,2025-11-04,日盘,long,2025-11-04 13:40:00,54565.0,54515.0,2025-11-04 13:45:00,54515.0,stop_loss,3,150.0,-182.72,-0.0091
PS,2025-11-05,日盘,short,2025-11-05 09:10:00,53245.0,53365.0,2025-11-05 09:20:00,53365.0,stop_loss,3,360.0,-391.98,-0.0196
PS,2025-11-05,日盘,short,2025-11-05 13:40:00,53630.0,53700.0,2025-11-05 14:15:00,53455.0,take_profit,3,210.0,492.87,0.0246
PS,2025-11-06,日盘,short,2025-11-06 09:10:00,53280.0,53335.0,2025-11-06 09:20:00,53335.0,stop_loss,3,165.0,-196.98,-0.0098
PS,2025-11-07,日盘,short,2025-11-07 13:40:00,53335.0,53470.0,2025-11-07 14:15:00,52997.5,take_profit,3,405.0,980.6,0.049
PS,2025-11-10,日盘,short,2025-11-10 13:40:00,53115.0,53205.0,2025-11-10 13:45:00,53205.0,stop_loss,3,270.0,-301.9,-0.0151
L,2025-11-11,日盘,short,2025-11-11 13:25:00,6778.0,6786.0,2025-11-11 13:35:00,6786.0,stop_loss,5,40.0,-46.78,-0.0023
L,2025-11-12,日盘,long,2025-11-12 05:40:00,6777.0,6772.0,2025-11-12 06:10:00,6789.5,take_profit,5,25.0,55.72,0.0028
EG,2025-11-12,日盘,long,2025-11-12 05:40:00,3881.0,3876.0,2025-11-12 06:30:00,3893.5,take_profit,10,50.0,117.23,0.0059
EG,2025-11-12,日盘,long,2025-11-12 13:10:00,3882.0,3878.0,2025-11-12 13:15:00,3878.0,stop_loss,10,40.0,-47.76,-0.0024
PS,2025-11-12,日盘,long,2025-11-12 13:40:00,51595.0,51420.0,2025-11-12 13:55:00,52032.5,take_profit,3,525.0,1281.41,0.0641
EG,2025-11-13,日盘,long,2025-11-13 05:40:00,3881.0,3872.0,2025-11-13 06:55:00,3892.0,forced_close,10,90.0,102.23,0.0051
L,2025-11-13,日盘,short,2025-11-13 13:10:00,6827.0,6833.0,2025-11-13 13:15:00,6833.0,stop_loss,5,30.0,-36.83,-0.0018
EG,2025-11-13,日盘,short,2025-11-13 13:10:00,3900.0,3905.0,2025-11-13 13:15:00,3905.0,stop_loss,10,50.0,-57.8,-0.0029
PS,2025-11-13,日盘,long,2025-11-13 13:40:00,54325.0,54165.0,2025-11-13 13:50:00,54165.0,stop_loss,3,480.0,-512.55,-0.0256
EG,2025-11-14,夜盘,short,2025-11-14 01:10:00,3930.0,3938.0,2025-11-14 01:55:00,3938.0,stop_loss,10,80.0,-87.87,-0.0044
PS,2025-11-14,日盘,short,2025-11-14 09:10:00,54165.0,54415.0,2025-11-14 09:30:00,54415.0,stop_loss,3,750.0,-782.57,-0.0391
PS,2025-11-14,日盘,short,2025-11-14 13:40:00,54325.0,54440.0,2025-11-14 14:30:00,54037.5,take_profit,3,345.0,829.99,0.0415
EG,2025-11-17,日盘,long,2025-11-17 05:40:00,3951.0,3945.0,2025-11-17 05:45:00,3945.0,stop_loss,10,60.0,-67.9,-0.0034
PS,2025-11-17,日盘,short,2025-11-17 09:10:00,53050.0,53330.0,2025-11-17 09:45:00,53330.0,stop_loss,3,840.0,-871.91,-0.0436
EG,2025-11-17,日盘,short,2025-11-17 13:10:00,3938.0,3950.0,2025-11-17 14:55:00,3926.0,forced_close,10,120.0,112.14,0.0056
PS,2025-11-17,日盘,short,2025-11-17 13:40:00,52700.0,52980.0,2025-11-17 13:55:00,52980.0,stop_loss,3,840.0,-871.7,-0.0436
PS,2025-11-18,日盘,short,2025-11-18 09:10:00,52370.0,52525.0,2025-11-18 09:15:00,52525.0,stop_loss,3,465.0,-496.47,-0.0248
EG,2025-11-18,日盘,long,2025-11-18 13:10:00,3917.0,3911.0,2025-11-18 13:40:00,3911.0,stop_loss,10,60.0,-67.83,-0.0034
PS,2025-11-18,日盘,long,2025-11-18 13:40:00,52235.0,52130.0,2025-11-18 14:30:00,52130.0,stop_loss,3,315.0,-346.31,-0.0173
EG,2025-11-19,夜盘,short,2025-11-19 01:10:00,3904.0,3910.0,2025-11-19 02:00:00,3889.0,take_profit,10,60.0,142.21,0.0071
L,2025-11-19,日盘,long,2025-11-19 05:40:00,6836.0,6829.0,2025-11-19 05:50:00,6829.0,stop_loss,5,35.0,-41.83,-0.0021
EG,2025-11-20,夜盘,short,2025-11-20 01:10:00,3836.0,3842.0,2025-11-20 01:25:00,3842.0,stop_loss,10,60.0,-67.68,-0.0034
L,2025-11-20,日盘,short,2025-11-20 05:40:00,6846.0,6852.0,2025-11-20 06:10:00,6831.0,take_profit,5,30.0,68.16,0.0034
EG,2025-11-20,日盘,short,2025-11-20 05:40:00,3857.0,3863.0,2025-11-20 05:45:00,3863.0,stop_loss,10,60.0,-67.72,-0.0034
L,2025-11-20,日盘,short,2025-11-20 13:10:00,6835.0,6838.0,2025-11-20 13:15:00,6827.5,take_profit,5,15.0,30.67,0.0015
PS,2025-11-20,日盘,short,2025-11-20 13:40:00,52925.0,52985.0,2025-11-20 13:50:00,52775.0,take_profit,3,180.0,418.29,0.0209
L,2025-11-21,夜盘,long,2025-11-21 01:10:00,6812.0,6805.0,2025-11-21 01:20:00,6805.0,stop_loss,5,35.0,-41.81,-0.0021
L,2025-11-21,日盘,short,2025-11-21 05:40:00,6789.0,6795.0,2025-11-21 06:10:00,6795.0,stop_loss,5,30.0,-36.79,-0.0018
EG,2025-11-21,日盘,short,2025-11-21 05:40:00,3815.0,3820.0,2025-11-21 05:50:00,3820.0,stop_loss,10,50.0,-57.64,-0.0029
L,2025-11-21,日盘,short,2025-11-21 13:10:00,6766.0,6778.0,2025-11-21 14:35:00,6736.0,take_profit,5,60.0,143.25,0.0072
L,2025-11-24,夜盘,long,2025-11-24 01:10:00,6783.0,6767.0,2025-11-24 03:25:00,6809.0,forced_close,5,80.0,123.2,0.0062
EG,2025-11-24,夜盘,long,2025-11-24 01:10:00,3836.0,3821.0,2025-11-24 03:25:00,3873.5,take_profit,10,150.0,367.29,0.0184
L,2025-11-26,日盘,short,2025-11-26 05:40:00,6732.0,6739.0,2025-11-26 05:50:00,6739.0,stop_loss,5,35.0,-41.74,-0.0021
PS,2025-11-26,日盘,long,2025-11-26 09:10:00,54960.0,54865.0,2025-11-26 09:15:00,55197.5,take_profit,3,285.0,679.45,0.034
PS,2025-11-26,日盘,short,2025-11-26 13:40:00,55390.0,55945.0,2025-11-26 14:00:00,55945.0,stop_loss,3,1665.0,-1698.4,-0.0849
L,2025-11-27,夜盘,short,2025-11-27 01:10:00,6734.0,6740.0,2025-11-27 01:25:00,6719.0,take_profit,5,30.0,68.27,0.0034
PS,2025-11-27,日盘,long,2025-11-27 09:10:00,56295.0,56140.0,2025-11-27 09:25:00,56140.0,stop_loss,3,465.0,-498.73,-0.0249
PS,2025-11-27,日盘,short,2025-11-27 13:40:00,55445.0,55560.0,2025-11-27 13:45:00,55560.0,stop_loss,3,345.0,-378.3,-0.0189
L,2025-11-28,夜盘,long,2025-11-28 01:10:00,6742.0,6732.0,2025-11-28 03:20:00,6767.0,take_profit,5,50.0,118.25,0.0059
EG,2025-11-28,夜盘,long,2025-11-28 01:10:00,3875.0,3870.0,2025-11-28 01:15:00,3870.0,stop_loss,10,50.0,-57.74,-0.0029
PS,2025-11-28,日盘,long,2025-11-28 09:10:00,55640.0,55435.0,2025-11-28 10:05:00,56152.5,take_profit,3,615.0,1503.96,0.0752
L,2025-11-28,日盘,long,2025-11-28 13:10:00,6810.0,6785.0,2025-11-28 14:00:00,6785.0,stop_loss,5,125.0,-131.8,-0.0066
PS,2025-11-28,日盘,long,2025-11-28 13:40:00,55805.0,55705.0,2025-11-28 13:45:00,55705.0,stop_loss,3,300.0,-333.45,-0.0167
L,2025-12-01,夜盘,long,2025-12-01 01:10:00,6812.0,6799.0,2025-12-01 01:20:00,6799.0,stop_loss,5,65.0,-71.81,-0.0036
EG,2025-12-01,夜盘,long,2025-12-01 01:10:00,3890.0,3874.0,2025-12-01 03:25:00,3916.0,forced_close,10,160.0,252.19,0.0126
L,2025-12-01,日盘,short,2025-12-01 05:40:00,6782.0,6792.0,2025-12-01 06:20:00,6792.0,stop_loss,5,50.0,-56.79,-0.0028
EG,2025-12-03,日盘,short,2025-12-03 05:40:00,3829.0,3835.0,2025-12-03 05:45:00,3835.0,stop_loss,10,60.0,-67.66,-0.0034
L,2025-12-03,日盘,short,2025-12-03 13:10:00,6802.0,6809.0,2025-12-03 14:05:00,6784.5,take_profit,5,35.0,80.71,0.004
L,2025-12-04,夜盘,short,2025-12-04 01:10:00,6787.0,6798.0,2025-12-04 03:25:00,6776.0,forced_close,5,55.0,48.22,0.0024
L,2025-12-04,日盘,short,2025-12-04 13:10:00,6754.0,6766.0,2025-12-04 14:55:00,6735.0,forced_close,5,60.0,88.26,0.0044
PS,2025-12-04,日盘,short,2025-12-04 13:40:00,56610.0,56790.0,2025-12-04 13:55:00,56790.0,stop_loss,3,540.0,-574.02,-0.0287
L,2025-12-05,夜盘,short,2025-12-05 01:10:00,6726.0,6740.0,2025-12-05 01:50:00,6691.0,take_profit,5,70.0,168.29,0.0084
PS,2025-12-05,日盘,short,2025-12-05 09:10:00,56395.0,56565.0,2025-12-05 09:45:00,55970.0,take_profit,3,510.0,1241.29,0.0621
PS,2025-12-08,日盘,short,2025-12-08 13:40:00,53920.0,53955.0,2025-12-08 13:45:00,53955.0,stop_loss,3,105.0,-137.36,-0.0069
L,2025-12-09,日盘,short,2025-12-09 05:40:00,6561.0,6568.0,2025-12-09 05:45:00,6568.0,stop_loss,5,35.0,-41.56,-0.0021
EG,2025-12-09,日盘,short,2025-12-09 05:40:00,3641.0,3646.0,2025-12-09 05:45:00,3646.0,stop_loss,10,50.0,-57.29,-0.0029
L,2025-12-09,日盘,short,2025-12-09 13:10:00,6556.0,6562.0,2025-12-09 13:20:00,6562.0,stop_loss,5,30.0,-36.56,-0.0018
EG,2025-12-10,夜盘,long,2025-12-10 01:10:00,3691.0,3680.0,2025-12-10 02:05:00,3680.0,stop_loss,10,110.0,-117.37,-0.0059
L,2025-12-10,日盘,long,2025-12-10 05:40:00,6582.0,6567.0,2025-12-10 06:40:00,6567.0,stop_loss,5,75.0,-81.57,-0.0041
EG,2025-12-10,日盘,long,2025-12-10 05:40:00,3690.0,3682.0,2025-12-10 06:00:00,3682.0,stop_loss,10,80.0,-87.37,-0.0044
PS,2025-12-10,日盘,short,2025-12-10 09:10:00,56465.0,56670.0,2025-12-10 09:30:00,55952.5,take_profit,3,615.0,1503.77,0.0752
PS,2025-12-10,日盘,long,2025-12-10 13:40:00,55915.0,55825.0,2025-12-10 13:45:00,55825.0,stop_loss,3,270.0,-303.52,-0.0152
EG,2025-12-11,夜盘,short,2025-12-11 01:10:00,3658.0,3665.0,2025-12-11 01:20:00,3665.0,stop_loss,10,70.0,-77.32,-0.0039
L,2025-12-11,日盘,short,2025-12-11 05:40:00,6566.0,6573.0,2025-12-11 06:10:00,6548.5,take_profit,5,35.0,80.94,0.004
EG,2025-12-11,日盘,short,2025-12-11 05:40:00,3614.0,3627.0,2025-12-11 06:55:00,3599.0,forced_close,10,130.0,142.79,0.0071
EG,2025-12-11,日盘,short,2025-12-11 13:10:00,3594.0,3605.0,2025-12-11 14:35:00,3605.0,stop_loss,10,110.0,-117.2,-0.0059
EG,2025-12-12,夜盘,short,2025-12-12 01:10:00,3601.0,3609.0,2025-12-12 01:20:00,3609.0,stop_loss,10,80.0,-87.21,-0.0044
L,2025-12-12,日盘,long,2025-12-12 13:10:00,6532.0,6521.0,2025-12-12 13:30:00,6559.5,take_profit,5,55.0,130.95,0.0065
EG,2025-12-12,日盘,long,2025-12-12 13:10:00,3666.0,3659.0,2025-12-12 13:15:00,3659.0,stop_loss,10,70.0,-77.32,-0.0039
PS,2025-12-15,日盘,long,2025-12-15 09:10:00,56960.0,56610.0,2025-12-15 10:00:00,57835.0,take_profit,3,1050.0,2590.56,0.1295
EG,2025-12-15,日盘,short,2025-12-15 13:10:00,3634.0,3642.0,2025-12-15 14:05:00,3614.0,take_profit,10,80.0,192.75,0.0096
L,2025-12-16,夜盘,short,2025-12-16 01:10:00,6542.0,6548.0,2025-12-16 01:20:00,6548.0,stop_loss,5,30.0,-36.54,-0.0018
PS,2025-12-16,日盘,long,2025-12-16 09:10:00,59755.0,59300.0,2025-12-16 09:15:00,59300.0,stop_loss,3,1365.0,-1400.72,-0.07
L,2025-12-16,日盘,long,2025-12-16 13:10:00,6529.0,6517.0,2025-12-16 14:55:00,6530.0,forced_close,5,60.0,-1.53,-0.0001
PS,2025-12-16,日盘,short,2025-12-16 13:40:00,58775.0,58850.0,2025-12-16 13:45:00,58587.5,take_profit,3,225.0,527.29,0.0264
L,2025-12-17,日盘,long,2025-12-17 05:40:00,6531.0,6517.0,2025-12-17 06:20:00,6517.0,stop_loss,5,70.0,-76.52,-0.0038
PS,2025-12-17,日盘,long,2025-12-17 09:10:00,59930.0,59365.0,2025-12-17 10:10:00,61342.5,take_profit,3,1695.0,4201.12,0.2101
L,2025-12-17,日盘,long,2025-12-17 13:10:00,6534.0,6514.0,2025-12-17 14:10:00,6514.0,stop_loss,5,100.0,-106.52,-0.0053
EG,2025-12-17,日盘,long,2025-12-17 13:10:00,3797.0,3785.0,2025-12-17 14:20:00,3785.0,stop_loss,10,120.0,-127.58,-0.0064
PS,2025-12-18,日盘,long,2025-12-18 09:10:00,61390.0,61180.0,2025-12-18 09:15:00,61915.0,take_profit,3,630.0,1538.01,0.0769
L,2025-12-18,日盘,short,2025-12-18 13:10:00,6445.0,6454.0,2025-12-18 13:20:00,6422.5,take_profit,5,45.0,106.07,0.0053
PS,2025-12-18,日盘,short,2025-12-18 13:40:00,59905.0,60450.0,2025-12-18 14:55:00,59300.0,forced_close,3,1635.0,1779.24,0.089
PS,2025-12-19,日盘,long,2025-12-19 09:10:00,59685.0,59645.0,2025-12-19 09:15:00,59645.0,stop_loss,3,120.0,-155.8,-0.0078
L,2025-12-19,日盘,long,2025-12-19 13:10:00,6348.0,6339.0,2025-12-19 13:15:00,6339.0,stop_loss,5,45.0,-51.34,-0.0026
PS,2025-12-19,日盘,long,2025-12-19 13:40:00,60990.0,60790.0,2025-12-19 13:45:00,60790.0,stop_loss,3,600.0,-636.53,-0.0318
L,2025-12-22,夜盘,short,2025-12-22 01:10:00,6314.0,6323.0,2025-12-22 01:15:00,6323.0,stop_loss,5,45.0,-51.32,-0.0026
EG,2025-12-22,夜盘,short,2025-12-22 01:10:00,3745.0,3756.0,2025-12-22 01:15:00,3756.0,stop_loss,10,110.0,-117.5,-0.0059
EG,2025-12-22,日盘,long,2025-12-22 05:40:00,3735.0,3728.0,2025-12-22 05:45:00,3728.0,stop_loss,10,70.0,-77.46,-0.0039
PS,2025-12-22,日盘,long,2025-12-22 09:10:00,60180.0,60020.0,2025-12-22 10:05:00,60580.0,take_profit,3,480.0,1163.77,0.0582
PS,2025-12-22,日盘,short,2025-12-22 13:40:00,59710.0,60070.0,2025-12-22 14:30:00,58810.0,take_profit,3,1080.0,2664.44,0.1332
L,2025-12-23,夜盘,short,2025-12-23 01:10:00,6290.0,6311.0,2025-12-23 03:25:00,6252.0,forced_close,5,105.0,183.73,0.0092
L,2025-12-23,日盘,short,2025-12-23 05:40:00,6233.0,6243.0,2025-12-23 06:05:00,6243.0,stop_loss,5,50.0,-56.24,-0.0028
L,2025-12-23,日盘,short,2025-12-23 13:10:00,6300.0,6307.0,2025-12-23 13:50:00,6307.0,stop_loss,5,35.0,-41.3,-0.0021
EG,2025-12-23,日盘,short,2025-12-23 13:10:00,3619.0,3630.0,2025-12-23 13:20:00,3630.0,stop_loss,10,110.0,-117.25,-0.0059
PS,2025-12-23,日盘,short,2025-12-23 13:40:00,59070.0,59210.0,2025-12-23 13:50:00,59210.0,stop_loss,3,420.0,-455.48,-0.0228
EG,2025-12-24,日盘,short,2025-12-24 05:40:00,3795.0,3800.0,2025-12-24 05:45:00,3800.0,stop_loss,10,50.0,-57.6,-0.0029
PS,2025-12-24,日盘,long,2025-12-24 09:10:00,58035.0,57450.0,2025-12-24 09:30:00,57450.0,stop_loss,3,1755.0,-1789.65,-0.0895
PS,2025-12-24,日盘,long,2025-12-24 13:40:00,58520.0,58345.0,2025-12-24 13:45:00,58345.0,stop_loss,3,525.0,-560.06,-0.028
EG,2025-12-25,夜盘,long,2025-12-25 01:10:00,3835.0,3825.0,2025-12-25 01:40:00,3825.0,stop_loss,10,100.0,-107.66,-0.0054
EG,2025-12-25,日盘,short,2025-12-25 05:40:00,3800.0,3809.0,2025-12-25 05:45:00,3809.0,stop_loss,10,90.0,-97.61,-0.0049
EG,2025-12-25,日盘,short,2025-12-25 13:10:00,3825.0,3837.0,2025-12-25 13:25:00,3837.0,stop_loss,10,120.0,-127.66,-0.0064
PS,2025-12-25,日盘,long,2025-12-25 13:40:00,59965.0,59855.0,2025-12-25 13:45:00,59855.0,stop_loss,3,330.0,-365.95,-0.0183
L,2025-12-26,夜盘,long,2025-12-26 01:10:00,6373.0,6359.0,2025-12-26 01:15:00,6359.0,stop_loss,5,70.0,-76.37,-0.0038
EG,2025-12-26,夜盘,long,2025-12-26 01:10:00,3809.0,3804.0,2025-12-26 01:15:00,3804.0,stop_loss,10,50.0,-57.61,-0.0029
L,2025-12-26,日盘,long,2025-12-26 05:40:00,6383.0,6373.0,2025-12-26 06:00:00,6408.0,take_profit,5,50.0,118.6,0.0059
L,2025-12-26,日盘,long,2025-12-26 13:10:00,6470.0,6452.0,2025-12-26 13:20:00,6452.0,stop_loss,5,90.0,-96.46,-0.0048
EG,2025-12-26,日盘,long,2025-12-26 13:10:00,3843.0,3836.0,2025-12-26 13:20:00,3836.0,stop_loss,10,70.0,-77.68,-0.0039
PS,2025-12-26,日盘,short,2025-12-26 13:40:00,59085.0,59315.0,2025-12-26 13:45:00,59315.0,stop_loss,3,690.0,-725.52,-0.0363
PS,2025-12-29,日盘,short,2025-12-29 13:40:00,58630.0,58995.0,2025-12-29 14:00:00,57717.5,take_profit,3,1095.0,2702.6,0.1351
L,2025-12-30,日盘,short,2025-12-30 05:40:00,6450.0,6462.0,2025-12-30 06:00:00,6462.0,stop_loss,5,60.0,-66.46,-0.0033
EG,2025-12-30,日盘,short,2025-12-30 05:40:00,3836.0,3843.0,2025-12-30 06:00:00,3843.0,stop_loss,10,70.0,-77.68,-0.0039
PS,2025-12-30,日盘,long,2025-12-30 09:10:00,56830.0,56695.0,2025-12-30 09:15:00,57167.5,take_profit,3,405.0,978.3,0.0489
EG,2025-12-31,夜盘,short,2025-12-31 01:10:00,3835.0,3840.0,2025-12-31 01:15:00,3840.0,stop_loss,10,50.0,-57.68,-0.0029
L,2025-12-31,日盘,short,2025-12-31 05:40:00,6461.0,6467.0,2025-12-31 05:45:00,6467.0,stop_loss,5,30.0,-36.46,-0.0018
PS,2025-12-31,日盘,short,2025-12-31 13:40:00,56575.0,56765.0,2025-12-31 14:00:00,56765.0,stop_loss,3,570.0,-604.0,-0.0302
EG,2026-01-05,夜盘,long,2026-01-05 01:10:00,3806.0,3793.0,2026-01-05 01:15:00,3793.0,stop_loss,10,130.0,-137.6,-0.0069
L,2026-01-05,日盘,short,2026-01-05 05:40:00,6445.0,6459.0,2026-01-05 06:55:00,6449.0,forced_close,5,70.0,-26.45,-0.0013
PS,2026-01-05,日盘,short,2026-01-05 13:40:00,58075.0,58250.0,2026-01-05 13:55:00,58250.0,stop_loss,3,525.0,-559.9,-0.028
EG,2026-01-06,日盘,short,2026-01-06 05:40:00,3821.0,3832.0,2026-01-06 06:00:00,3832.0,stop_loss,10,110.0,-117.65,-0.0059
PS,2026-01-06,日盘,short,2026-01-06 09:10:00,59825.0,59940.0,2026-01-06 09:15:00,59940.0,stop_loss,3,345.0,-380.93,-0.019
EG,2026-01-06,日盘,long,2026-01-06 13:10:00,3859.0,3843.0,2026-01-06 13:35:00,3843.0,stop_loss,10,160.0,-167.7,-0.0084
PS,2026-01-07,日盘,short,2026-01-07 09:10:00,58650.0,59475.0,2026-01-07 11:25:00,59000.0,forced_close,3,2475.0,-1085.3,-0.0543
EG,2026-01-07,日盘,short,2026-01-07 13:10:00,3880.0,3886.0,2026-01-07 13:15:00,3886.0,stop_loss,10,60.0,-67.77,-0.0034
PS,2026-01-07,日盘,short,2026-01-07 13:40:00,58565.0,58670.0,2026-01-07 14:10:00,58302.5,take_profit,3,315.0,752.44,0.0376
L,2026-01-08,日盘,short,2026-01-08 05:40:00,6616.0,6636.0,2026-01-08 06:25:00,6636.0,stop_loss,5,100.0,-106.63,-0.0053
L,2026-01-08,日盘,short,2026-01-08 13:10:00,6615.0,6625.0,2026-01-08 13:15:00,6625.0,stop_loss,5,50.0,-56.62,-0.0028
EG,2026-01-08,日盘,short,2026-01-08 13:10:00,3820.0,3827.0,2026-01-08 13:15:00,3827.0,stop_loss,10,70.0,-77.65,-0.0039
L,2026-01-09,夜盘,short,2026-01-09 01:10:00,6648.0,6660.0,2026-01-09 01:20:00,6660.0,stop_loss,5,60.0,-66.65,-0.0033
EG,2026-01-09,夜盘,short,2026-01-09 01:10:00,3852.0,3859.0,2026-01-09 01:20:00,3859.0,stop_loss,10,70.0,-77.71,-0.0039
L,2026-01-09,日盘,long,2026-01-09 05:40:00,6671.0,6665.0,2026-01-09 06:30:00,6665.0,stop_loss,5,30.0,-36.67,-0.0018
PS,2026-01-09,日盘,short,2026-01-09 13:40:00,51800.0,51980.0,2026-01-09 14:05:00,51350.0,take_profit,3,540.0,1319.06,0.066
L,2026-01-12,夜盘,short,2026-01-12 01:10:00,6665.0,6679.0,2026-01-12 01:40:00,6679.0,stop_loss,5,70.0,-76.67,-0.0038
EG,2026-01-12,夜盘,short,2026-01-12 01:10:00,3872.0,3878.0,2026-01-12 01:15:00,3878.0,stop_loss,10,60.0,-67.75,-0.0034
L,2026-01-13,夜盘,long,2026-01-13 01:10:00,6735.0,6722.0,2026-01-13 02:00:00,6767.5,take_profit,5,65.0,155.75,0.0078
EG,2026-01-13,夜盘,long,2026-01-13 01:10:00,3850.0,3844.0,2026-01-13 01:15:00,3844.0,stop_loss,10,60.0,-67.69,-0.0034
PS,2026-01-13,日盘,short,2026-01-13 09:10:00,50095.0,50385.0,2026-01-13 09:15:00,50385.0,stop_loss,3,870.0,-900.14,-0.045
L,2026-01-13,日盘,short,2026-01-13 13:10:00,6808.0,6815.0,2026-01-13 13:15:00,6815.0,stop_loss,5,35.0,-41.81,-0.0021
L,2026-01-14,夜盘,short,2026-01-14 01:10:00,6791.0,6798.0,2026-01-14 01:15:00,6798.0,stop_loss,5,35.0,-41.79,-0.0021
EG,2026-01-14,夜盘,short,2026-01-14 01:10:00,3849.0,3855.0,2026-01-14 01:15:00,3855.0,stop_loss,10,60.0,-67.7,-0.0034
EG,2026-01-14,日盘,long,2026-01-14 13:10:00,3877.0,3873.0,2026-01-14 13:15:00,3873.0,stop_loss,10,40.0,-47.75,-0.0024
PS,2026-01-14,日盘,short,2026-01-14 13:40:00,48560.0,48955.0,2026-01-14 14:35:00,48955.0,stop_loss,3,1185.0,-1214.25,-0.0607
EG,2026-01-15,夜盘,short,2026-01-15 01:10:00,3848.0,3856.0,2026-01-15 01:45:00,3828.0,take_profit,10,80.0,192.32,0.0096
L,2026-01-15,日盘,long,2026-01-15 05:40:00,6769.0,6758.0,2026-01-15 05:55:00,6758.0,stop_loss,5,55.0,-61.76,-0.0031
PS,2026-01-15,日盘,short,2026-01-15 09:10:00,49095.0,49280.0,2026-01-15 09:15:00,49280.0,stop_loss,3,555.0,-584.51,-0.0292
L,2026-01-15,日盘,short,2026-01-15 13:10:00,6729.0,6755.0,2026-01-15 14:10:00,6755.0,stop_loss,5,130.0,-136.74,-0.0068
EG,2026-01-15,日盘,short,2026-01-15 13:10:00,3789.0,3800.0,2026-01-15 13:30:00,3761.5,take_profit,10,110.0,267.45,0.0134
PS,2026-01-15,日盘,short,2026-01-15 13:40:00,48720.0,48800.0,2026-01-15 13:45:00,48800.0,stop_loss,3,240.0,-269.26,-0.0135
EG,2026-01-16,日盘,long,2026-01-16 05:40:00,3813.0,3806.0,2026-01-16 05:50:00,3806.0,stop_loss,10,70.0,-77.62,-0.0039
L,2026-01-16,日盘,short,2026-01-16 13:10:00,6697.0,6711.0,2026-01-16 13:30:00,6711.0,stop_loss,5,70.0,-76.7,-0.0038
L,2026-01-19,夜盘,short,2026-01-19 01:10:00,6705.0,6710.0,2026-01-19 01:15:00,6710.0,stop_loss,5,25.0,-31.71,-0.0016
EG,2026-01-19,夜盘,short,2026-01-19 01:10:00,3770.0,3776.0,2026-01-19 01:25:00,3755.0,take_profit,10,60.0,142.48,0.0071
PS,2026-01-19,日盘,short,2026-01-19 09:10:00,49765.0,50190.0,2026-01-19 09:20:00,50190.0,stop_loss,3,1275.0,-1304.99,-0.0652
EG,2026-01-19,日盘,long,2026-01-19 13:10:00,3743.0,3735.0,2026-01-19 13:15:00,3735.0,stop_loss,10,80.0,-87.48,-0.0044
L,2026-01-20,夜盘,short,2026-01-20 01:10:00,6644.0,6650.0,2026-01-20 01:20:00,6650.0,stop_loss,5,30.0,-36.65,-0.0018
L,2026-01-21,夜盘,long,2026-01-21 01:10:00,6648.0,6641.0,2026-01-21 01:15:00,6641.0,stop_loss,5,35.0,-41.64,-0.0021
PS,2026-01-21,日盘,short,2026-01-21 09:10:00,49425.0,49705.0,2026-01-21 09:20:00,48725.0,take_profit,3,840.0,2070.55,0.1035
PS,2026-01-21,日盘,long,2026-01-21 13:40:00,49250.0,49195.0,2026-01-21 13:45:00,49195.0,stop_loss,3,165.0,-194.53,-0.0097
L,2026-01-22,夜盘,long,2026-01-22 01:10:00,6737.0,6718.0,2026-01-22 03:25:00,6763.0,forced_close,5,95.0,123.25,0.0062
EG,2026-01-22,夜盘,long,2026-01-22 01:10:00,3757.0,3746.0,2026-01-22 02:30:00,3746.0,stop_loss,10,110.0,-117.5,-0.0059
L,2026-01-22,日盘,long,2026-01-22 05:40:00,6792.0,6777.0,2026-01-22 06:55:00,6814.0,forced_close,5,75.0,103.2,0.0052
EG,2026-01-22,日盘,long,2026-01-22 05:40:00,3814.0,3792.0,2026-01-22 06:55:00,3847.0,forced_close,10,220.0,322.34,0.0161
PS,2026-01-22,日盘,long,2026-01-22 09:10:00,50055.0,49895.0,2026-01-22 09:15:00,50455.0,take_profit,3,480.0,1169.85,0.0585
L,2026-01-23,夜盘,long,2026-01-23 01:10:00,6880.0,6873.0,2026-01-23 01:20:00,6897.5,take_profit,5,35.0,80.61,0.004
EG,2026-01-23,夜盘,long,2026-01-23 01:10:00,3862.0,3855.0,2026-01-23 01:25:00,3879.5,take_profit,10,70.0,167.26,0.0084
L,2026-01-23,日盘,long,2026-01-23 05:40:00,6838.0,6826.0,2026-01-23 06:55:00,6868.0,take_profit,5,60.0,143.15,0.0072
PS,2026-01-23,日盘,short,2026-01-23 09:10:00,50830.0,50950.0,2026-01-23 09:15:00,50950.0,stop_loss,3,360.0,-390.53,-0.0195
L,2026-01-23,日盘,short,2026-01-23 13:10:00,6888.0,6919.0,2026-01-23 13:50:00,6919.0,stop_loss,5,155.0,-161.9,-0.0081
EG,2026-01-23,日盘,short,2026-01-23 13:10:00,3983.0,4010.0,2026-01-23 13:45:00,4010.0,stop_loss,10,270.0,-277.99,-0.0139
EG,2026-01-26,日盘,long,2026-01-26 05:40:00,3991.0,3982.0,2026-01-26 06:30:00,4013.5,take_profit,10,90.0,217.0,0.0108
EG,2026-01-26,日盘,short,2026-01-26 13:10:00,3965.0,3983.0,2026-01-26 14:55:00,3965.0,forced_close,10,180.0,-7.93,-0.0004
L,2026-01-27,夜盘,long,2026-01-27 01:10:00,6899.0,6894.0,2026-01-27 01:15:00,6894.0,stop_loss,5,25.0,-31.9,-0.0016
L,2026-01-27,日盘,long,2026-01-27 05:40:00,6869.0,6857.0,2026-01-27 06:50:00,6899.0,take_profit,5,60.0,143.12,0.0072
EG,2026-01-27,日盘,short,2026-01-27 05:40:00,3930.0,3945.0,2026-01-27 05:50:00,3945.0,stop_loss,10,150.0,-157.88,-0.0079
L,2026-01-27,日盘,long,2026-01-27 13:10:00,6908.0,6898.0,2026-01-27 13:20:00,6933.0,take_profit,5,50.0,118.08,0.0059
L,2026-01-28,夜盘,short,2026-01-28 01:10:00,6946.0,6952.0,2026-01-28 01:15:00,6952.0,stop_loss,5,30.0,-36.95,-0.0018
EG,2026-01-28,夜盘,short,2026-01-28 01:10:00,3947.0,3952.0,2026-01-28 01:15:00,3952.0,stop_loss,10,50.0,-57.9,-0.0029
L,2026-01-28,日盘,short,2026-01-28 13:10:00,6958.0,6977.0,2026-01-28 13:20:00,6977.0,stop_loss,5,95.0,-101.97,-0.0051
EG,2026-01-28,日盘,short,2026-01-28 13:10:00,3926.0,3941.0,2026-01-28 13:20:00,3941.0,stop_loss,10,150.0,-157.87,-0.0079
EG,2026-01-29,夜盘,short,2026-01-29 01:10:00,3941.0,3948.0,2026-01-29 01:15:00,3948.0,stop_loss,10,70.0,-77.89,-0.0039
L,2026-01-29,日盘,long,2026-01-29 05:40:00,7020.0,7006.0,2026-01-29 06:35:00,7055.0,take_profit,5,70.0,167.96,0.0084
PS,2026-01-29,日盘,short,2026-01-29 09:10:00,50900.0,51485.0,2026-01-29 11:25:00,50075.0,forced_close,3,1755.0,2444.71,0.1222
EG,2026-01-29,日盘,short,2026-01-29 13:10:00,3962.0,3976.0,2026-01-29 13:20:00,3976.0,stop_loss,10,140.0,-147.94,-0.0074
PS,2026-01-29,日盘,long,2026-01-29 13:40:00,50180.0,50085.0,2026-01-29 13:50:00,50085.0,stop_loss,3,285.0,-315.08,-0.0158
EG,2026-01-30,夜盘,short,2026-01-30 01:10:00,3939.0,3948.0,2026-01-30 01:20:00,3948.0,stop_loss,10,90.0,-97.89,-0.0049
L,2026-01-30,日盘,long,2026-01-30 05:40:00,7037.0,7018.0,2026-01-30 06:00:00,7018.0,stop_loss,5,95.0,-102.03,-0.0051
PS,2026-01-30,日盘,short,2026-01-30 09:10:00,47720.0,48900.0,2026-01-30 11:25:00,47380.0,forced_close,3,3540.0,991.47,0.0496
EG,2026-01-30,日盘,short,2026-01-30 13:10:00,3892.0,3904.0,2026-01-30 13:25:00,3904.0,stop_loss,10,120.0,-127.8,-0.0064
PS,2026-01-30,日盘,long,2026-01-30 13:40:00,48190.0,47805.0,2026-01-30 13:45:00,47805.0,stop_loss,3,1155.0,-1183.8,-0.0592
EG,2026-02-02,日盘,short,2026-02-02 05:40:00,3768.0,3780.0,2026-02-02 06:00:00,3780.0,stop_loss,10,120.0,-127.55,-0.0064
L,2026-02-02,日盘,short,2026-02-02 13:10:00,6879.0,6900.0,2026-02-02 13:45:00,6900.0,stop_loss,5,105.0,-111.89,-0.0056
L,2026-02-03,夜盘,long,2026-02-03 01:10:00,6910.0,6904.0,2026-02-03 01:20:00,6925.0,take_profit,5,30.0,68.08,0.0034
EG,2026-02-03,夜盘,long,2026-02-03 01:10:00,3790.0,3780.0,2026-02-03 02:00:00,3780.0,stop_loss,10,100.0,-107.57,-0.0054
PS,2026-02-03,日盘,short,2026-02-03 09:10:00,48460.0,48730.0,2026-02-03 09:25:00,48730.0,stop_loss,3,810.0,-839.16,-0.042
L,2026-02-03,日盘,long,2026-02-03 13:10:00,6883.0,6871.0,2026-02-03 13:15:00,6871.0,stop_loss,5,60.0,-66.88,-0.0033
EG,2026-02-03,日盘,short,2026-02-03 13:10:00,3764.0,3771.0,2026-02-03 14:50:00,3771.0,stop_loss,10,70.0,-77.54,-0.0039
L,2026-02-04,夜盘,short,2026-02-04 01:10:00,6906.0,6916.0,2026-02-04 01:30:00,6916.0,stop_loss,5,50.0,-56.91,-0.0028
PS,2026-02-04,日盘,short,2026-02-04 09:10:00,50160.0,50400.0,2026-02-04 10:55:00,49560.0,take_profit,3,720.0,1770.08,0.0885
EG,2026-02-05,夜盘,short,2026-02-05 01:10:00,3769.0,3786.0,2026-02-05 03:25:00,3750.0,forced_close,10,170.0,182.48,0.0091
EG,2026-02-05,日盘,short,2026-02-05 05:40:00,3746.0,3750.0,2026-02-05 05:50:00,3750.0,stop_loss,10,40.0,-47.5,-0.0024
PS,2026-02-05,日盘,short,2026-02-05 09:10:00,50765.0,50970.0,2026-02-05 09:15:00,50252.5,take_profit,3,615.0,1507.19,0.0754
EG,2026-02-05,日盘,long,2026-02-05 13:10:00,3724.0,3716.0,2026-02-05 14:55:00,3735.0,forced_close,10,80.0,102.54,0.0051
EG,2026-02-06,夜盘,short,2026-02-06 01:10:00,3715.0,3725.0,2026-02-06 01:25:00,3725.0,stop_loss,10,100.0,-107.44,-0.0054
PS,2026-02-06,日盘,long,2026-02-06 09:10:00,48900.0,48415.0,2026-02-06 09:20:00,48415.0,stop_loss,3,1455.0,-1484.19,-0.0742
EG,2026-02-06,日盘,long,2026-02-06 13:10:00,3757.0,3750.0,2026-02-06 13:15:00,3750.0,stop_loss,10,70.0,-77.51,-0.0039
L,2026-02-09,日盘,short,2026-02-09 05:40:00,6749.0,6760.0,2026-02-09 06:25:00,6721.5,take_profit,5,55.0,130.76,0.0065
EG,2026-02-09,日盘,short,2026-02-09 05:40:00,3743.0,3751.0,2026-02-09 05:55:00,3751.0,stop_loss,10,80.0,-87.49,-0.0044
EG,2026-02-10,夜盘,long,2026-02-10 01:10:00,3740.0,3730.0,2026-02-10 03:00:00,3730.0,stop_loss,10,100.0,-107.47,-0.0054
L,2026-02-10,日盘,long,2026-02-10 13:10:00,6780.0,6769.0,2026-02-10 14:40:00,6769.0,stop_loss,5,55.0,-61.77,-0.0031
L,2026-02-11,日盘,long,2026-02-11 05:40:00,6800.0,6794.0,2026-02-11 05:55:00,6794.0,stop_loss,5,30.0,-36.8,-0.0018
EG,2026-02-11,日盘,long,2026-02-11 05:40:00,3774.0,3770.0,2026-02-11 05:55:00,3770.0,stop_loss,10,40.0,-47.54,-0.0024
PS,2026-02-11,日盘,long,2026-02-11 13:40:00,48905.0,48865.0,2026-02-11 13:45:00,49005.0,take_profit,3,120.0,270.63,0.0135
L,2026-02-12,夜盘,short,2026-02-12 01:10:00,6770.0,6777.0,2026-02-12 01:15:00,6777.0,stop_loss,5,35.0,-41.77,-0.0021
EG,2026-02-12,夜盘,short,2026-02-12 01:10:00,3750.0,3754.0,2026-02-12 01:15:00,3754.0,stop_loss,10,40.0,-47.5,-0.0024
PS,2026-02-12,日盘,short,2026-02-12 09:10:00,48335.0,48455.0,2026-02-12 09:15:00,48455.0,stop_loss,3,360.0,-389.04,-0.0195
L,2026-02-12,日盘,short,2026-02-12 13:10:00,6738.0,6748.0,2026-02-12 14:55:00,6720.0,forced_close,5,50.0,83.27,0.0042
PS,2026-02-12,日盘,short,2026-02-12 13:40:00,48995.0,49095.0,2026-02-12 14:15:00,49095.0,stop_loss,3,300.0,-329.43,-0.0165
L,2026-02-13,日盘,long,2026-02-13 05:40:00,6661.0,6644.0,2026-02-13 06:00:00,6644.0,stop_loss,5,85.0,-91.65,-0.0046
PS,2026-02-13,日盘,long,2026-02-13 09:10:00,48610.0,48420.0,2026-02-13 09:15:00,49085.0,take_profit,3,570.0,1395.69,0.0698
EG,2026-02-24,夜盘,short,2026-02-24 01:10:00,3713.0,3722.0,2026-02-24 01:30:00,3722.0,stop_loss,10,90.0,-97.44,-0.0049
L,2026-02-24,日盘,long,2026-02-24 05:40:00,6824.0,6810.0,2026-02-24 06:55:00,6820.0,forced_close,5,70.0,-26.82,-0.0013
EG,2026-02-24,日盘,long,2026-02-24 05:40:00,3740.0,3731.0,2026-02-24 06:45:00,3731.0,stop_loss,10,90.0,-97.47,-0.0049
EG,2026-02-24,日盘,long,2026-02-24 13:10:00,3779.0,3774.0,2026-02-24 13:25:00,3774.0,stop_loss,10,50.0,-57.55,-0.0029
PS,2026-02-24,日盘,short,2026-02-24 13:40:00,48415.0,48715.0,2026-02-24 14:05:00,47665.0,take_profit,3,900.0,2221.18,0.1111
EG,2026-02-25,夜盘,short,2026-02-25 01:10:00,3766.0,3774.0,2026-02-25 01:45:00,3746.0,take_profit,10,80.0,192.49,0.0096
EG,2026-02-25,日盘,long,2026-02-25 05:40:00,3762.0,3758.0,2026-02-25 05:45:00,3758.0,stop_loss,10,40.0,-47.52,-0.0024
L,2026-02-26,日盘,short,2026-02-26 05:40:00,6689.0,6695.0,2026-02-26 06:05:00,6674.0,take_profit,5,30.0,68.32,0.0034
EG,2026-02-26,日盘,short,2026-02-26 05:40:00,3700.0,3710.0,2026-02-26 06:55:00,3700.0,forced_close,10,100.0,-7.4,-0.0004
PS,2026-02-26,日盘,short,2026-02-26 09:10:00,46590.0,47260.0,2026-02-26 11:25:00,46500.0,forced_close,3,2010.0,242.07,0.0121
L,2026-02-26,日盘,short,2026-02-26 13:10:00,6616.0,6628.0,2026-02-26 14:30:00,6586.0,take_profit,5,60.0,143.4,0.0072
EG,2026-02-26,日盘,long,2026-02-26 13:10:00,3683.0,3675.0,2026-02-26 13:45:00,3675.0,stop_loss,10,80.0,-87.36,-0.0044
PS,2026-02-26,日盘,short,2026-02-26 13:40:00,46525.0,46690.0,2026-02-26 14:55:00,46315.0,forced_close,3,495.0,602.15,0.0301
L,2026-02-27,夜盘,short,2026-02-27 01:10:00,6564.0,6576.0,2026-02-27 01:30:00,6576.0,stop_loss,5,60.0,-66.57,-0.0033
EG,2026-02-27,日盘,short,2026-02-27 05:40:00,3716.0,3720.0,2026-02-27 06:00:00,3706.0,take_profit,10,40.0,92.58,0.0046
PS,2026-02-27,日盘,short,2026-02-27 09:10:00,45590.0,45760.0,2026-02-27 09:25:00,45760.0,stop_loss,3,510.0,-537.4,-0.0269
L,2026-02-27,日盘,long,2026-02-27 13:10:00,6695.0,6683.0,2026-02-27 13:25:00,6683.0,stop_loss,5,60.0,-66.69,-0.0033
EG,2026-02-27,日盘,long,2026-02-27 13:10:00,3745.0,3730.0,2026-02-27 13:30:00,3730.0,stop_loss,10,150.0,-157.48,-0.0079
L,2026-03-02,日盘,long,2026-03-02 05:40:00,6856.0,6823.0,2026-03-02 06:20:00,6938.5,take_profit,5,165.0,405.6,0.0203
EG,2026-03-02,日盘,long,2026-03-02 05:40:00,3877.0,3841.0,2026-03-02 06:55:00,3925.0,forced_close,10,360.0,472.2,0.0236
EG,2026-03-02,日盘,short,2026-03-02 13:10:00,3926.0,3951.0,2026-03-02 13:20:00,3951.0,stop_loss,10,250.0,-257.88,-0.0129
L,2026-03-03,夜盘,short,2026-03-03 01:10:00,7054.0,7066.0,2026-03-03 01:15:00,7066.0,stop_loss,5,60.0,-67.06,-0.0034
L,2026-03-03,日盘,long,2026-03-03 13:10:00,7355.0,7337.0,2026-03-03 13:20:00,7400.0,take_profit,5,90.0,217.62,0.0109
EG,2026-03-03,日盘,long,2026-03-03 13:10:00,4085.0,4064.0,2026-03-03 13:25:00,4137.5,take_profit,10,210.0,516.78,0.0258
EG,2026-03-04,日盘,long,2026-03-04 05:40:00,4074.0,4061.0,2026-03-04 05:50:00,4061.0,stop_loss,10,130.0,-138.14,-0.0069
PS,2026-03-04,日盘,short,2026-03-04 09:10:00,42300.0,42655.0,2026-03-04 11:25:00,42100.0,forced_close,3,1065.0,574.68,0.0287
L,2026-03-05,日盘,long,2026-03-05 05:40:00,7592.0,7562.0,2026-03-05 06:00:00,7562.0,stop_loss,5,150.0,-157.58,-0.0079
EG,2026-03-05,日盘,long,2026-03-05 05:40:00,4309.0,4289.0,2026-03-05 06:00:00,4289.0,stop_loss,10,200.0,-208.6,-0.0104
PS,2026-03-05,日盘,long,2026-03-05 09:10:00,43815.0,43275.0,2026-03-05 09:25:00,43275.0,stop_loss,3,1620.0,-1646.13,-0.0823
L,2026-03-05,日盘,short,2026-03-05 13:10:00,7410.0,7432.0,2026-03-05 14:20:00,7432.0,stop_loss,5,110.0,-117.42,-0.0059
EG,2026-03-05,日盘,short,2026-03-05 13:10:00,4200.0,4226.0,2026-03-05 14:20:00,4226.0,stop_loss,10,260.0,-268.43,-0.0134
PS,2026-03-05,日盘,short,2026-03-05 13:40:00,42750.0,42805.0,2026-03-05 13:45:00,42612.5,take_profit,3,165.0,386.89,0.0193
EG,2026-03-06,日盘,long,2026-03-06 05:40:00,4333.0,4302.0,2026-03-06 06:55:00,4377.0,forced_close,10,310.0,431.29,0.0216
L,2026-03-06,日盘,long,2026-03-06 13:10:00,7912.0,7874.0,2026-03-06 14:55:00,7944.0,forced_close,5,190.0,152.07,0.0076
L,2026-03-09,日盘,short,2026-03-09 13:10:00,8327.0,8403.0,2026-03-09 14:10:00,8403.0,stop_loss,5,380.0,-388.36,-0.0194
EG,2026-03-09,日盘,short,2026-03-09 13:10:00,4550.0,4596.0,2026-03-09 14:05:00,4596.0,stop_loss,10,460.0,-469.15,-0.0235
L,2026-03-10,夜盘,short,2026-03-10 01:10:00,7527.0,7631.0,2026-03-10 02:50:00,7631.0,stop_loss,5,520.0,-527.58,-0.0264
EG,2026-03-10,夜盘,short,2026-03-10 01:10:00,4111.0,4141.0,2026-03-10 01:20:00,4141.0,stop_loss,10,300.0,-308.25,-0.0154
L,2026-03-10,日盘,long,2026-03-10 05:40:00,7756.0,7684.0,2026-03-10 06:55:00,7767.0,forced_close,5,360.0,47.24,0.0024
EG,2026-03-10,日盘,long,2026-03-10 05:40:00,4262.0,4240.0,2026-03-10 06:00:00,4317.0,take_profit,10,220.0,541.42,0.0271
PS,2026-03-10,日盘,short,2026-03-10 09:10:00,43040.0,43605.0,2026-03-10 11:25:00,42265.0,forced_close,3,1695.0,2299.41,0.115
L,2026-03-10,日盘,short,2026-03-10 13:10:00,7736.0,7770.0,2026-03-10 14:00:00,7770.0,stop_loss,5,170.0,-177.75,-0.0089
EG,2026-03-10,日盘,short,2026-03-10 13:10:00,4326.0,4371.0,2026-03-10 14:40:00,4213.5,take_profit,10,450.0,1116.46,0.0558
L,2026-03-11,夜盘,long,2026-03-11 01:10:00,7709.0,7681.0,2026-03-11 02:00:00,7779.0,take_profit,5,140.0,342.26,0.0171
EG,2026-03-11,夜盘,long,2026-03-11 01:10:00,4287.0,4270.0,2026-03-11 02:00:00,4329.5,take_profit,10,170.0,416.38,0.0208
L,2026-03-11,日盘,long,2026-03-11 13:10:00,8385.0,8309.0,2026-03-11 13:30:00,8309.0,stop_loss,5,380.0,-388.35,-0.0194
EG,2026-03-11,日盘,long,2026-03-11 13:10:00,4786.0,4731.0,2026-03-11 13:15:00,4731.0,stop_loss,10,550.0,-559.52,-0.028
PS,2026-03-12,日盘,long,2026-03-12 09:10:00,43035.0,42915.0,2026-03-12 09:25:00,42915.0,stop_loss,3,360.0,-385.78,-0.0193
EG,2026-03-13,夜盘,short,2026-03-13 01:10:00,4680.0,4695.0,2026-03-13 01:30:00,4695.0,stop_loss,10,150.0,-159.38,-0.008
PS,2026-03-13,日盘,long,2026-03-13 09:10:00,43835.0,43645.0,2026-03-13 09:25:00,44310.0,take_profit,3,570.0,1398.56,0.0699
L,2026-03-13,日盘,long,2026-03-13 13:10:00,8415.0,8382.0,2026-03-13 14:00:00,8497.5,take_profit,5,165.0,404.04,0.0202
EG,2026-03-13,日盘,long,2026-03-13 13:10:00,4737.0,4724.0,2026-03-13 13:20:00,4769.5,take_profit,10,130.0,315.49,0.0158
PS,2026-03-13,日盘,short,2026-03-13 13:40:00,43185.0,43210.0,2026-03-13 13:45:00,43122.5,take_profit,3,75.0,161.61,0.0081
L,2026-03-16,夜盘,short,2026-03-16 01:10:00,8610.0,8695.0,2026-03-16 01:30:00,8695.0,stop_loss,5,425.0,-433.65,-0.0217
EG,2026-03-16,夜盘,short,2026-03-16 01:10:00,4874.0,4930.0,2026-03-16 01:20:00,4930.0,stop_loss,10,560.0,-569.8,-0.0285
L,2026-03-16,日盘,short,2026-03-16 05:40:00,8713.0,8736.0,2026-03-16 05:55:00,8655.5,take_profit,5,115.0,278.82,0.0139
EG,2026-03-16,日盘,short,2026-03-16 05:40:00,4906.0,4914.0,2026-03-16 05:45:00,4914.0,stop_loss,10,80.0,-89.82,-0.0045
PS,2026-03-16,日盘,long,2026-03-16 09:10:00,42170.0,41800.0,2026-03-16 11:25:00,42295.0,forced_close,3,1110.0,349.66,0.0175
PS,2026-03-16,日盘,long,2026-03-16 13:40:00,42325.0,42190.0,2026-03-16 13:50:00,42190.0,stop_loss,3,405.0,-430.35,-0.0215
L,2026-03-17,夜盘,short,2026-03-17 01:10:00,8529.0,8546.0,2026-03-17 01:20:00,8486.5,take_profit,5,85.0,203.99,0.0102
EG,2026-03-17,夜盘,short,2026-03-17 01:10:00,4813.0,4825.0,2026-03-17 01:25:00,4825.0,stop_loss,10,120.0,-129.64,-0.0065
L,2026-03-17,日盘,long,2026-03-17 05:40:00,8510.0,8459.0,2026-03-17 06:55:00,8496.0,forced_close,5,255.0,-78.5,-0.0039
EG,2026-03-17,日盘,long,2026-03-17 05:40:00,4830.0,4796.0,2026-03-17 06:30:00,4796.0,stop_loss,10,340.0,-349.63,-0.0175
EG,2026-03-18,日盘,short,2026-03-18 05:40:00,4824.0,4842.0,2026-03-18 06:00:00,4842.0,stop_loss,10,180.0,-189.67,-0.0095
L,2026-03-19,夜盘,short,2026-03-19 01:10:00,9045.0,9135.0,2026-03-19 03:10:00,8820.0,take_profit,5,450.0,1116.07,0.0558
EG,2026-03-19,夜盘,short,2026-03-19 01:10:00,5296.0,5336.0,2026-03-19 01:50:00,5196.0,take_profit,10,400.0,989.51,0.0495
L,2026-03-19,日盘,long,2026-03-19 05:40:00,8928.0,8879.0,2026-03-19 06:05:00,8879.0,stop_loss,5,245.0,-253.9,-0.0127
PS,2026-03-19,日盘,short,2026-03-19 09:10:00,38975.0,39305.0,2026-03-19 11:25:00,38950.0,forced_close,3,990.0,51.62,0.0026
L,2026-03-19,日盘,short,2026-03-19 13:10:00,8793.0,8879.0,2026-03-19 14:05:00,8879.0,stop_loss,5,430.0,-438.84,-0.0219
EG,2026-03-19,日盘,short,2026-03-19 13:10:00,5139.0,5206.0,2026-03-19 14:35:00,5206.0,stop_loss,10,670.0,-680.34,-0.034
L,2026-03-20,夜盘,short,2026-03-20 01:10:00,8623.0,8703.0,2026-03-20 02:50:00,8703.0,stop_loss,5,400.0,-408.66,-0.0204
EG,2026-03-20,夜盘,short,2026-03-20 01:10:00,4957.0,5050.0,2026-03-20 02:35:00,5050.0,stop_loss,10,930.0,-940.01,-0.047
EG,2026-03-20,日盘,long,2026-03-20 05:40:00,5208.0,5165.0,2026-03-20 05:50:00,5165.0,stop_loss,10,430.0,-440.37,-0.022
PS,2026-03-20,日盘,short,2026-03-20 09:10:00,38905.0,39205.0,2026-03-20 11:25:00,38340.0,forced_close,3,900.0,1671.83,0.0836
L,2026-03-20,日盘,long,2026-03-20 13:10:00,8970.0,8929.0,2026-03-20 13:40:00,9072.5,take_profit,5,205.0,503.48,0.0252
EG,2026-03-20,日盘,short,2026-03-20 13:10:00,5381.0,5417.0,2026-03-20 13:45:00,5417.0,stop_loss,10,360.0,-370.8,-0.0185
L,2026-03-23,夜盘,long,2026-03-23 01:10:00,9317.0,9273.0,2026-03-23 01:15:00,9273.0,stop_loss,5,220.0,-229.3,-0.0115
PS,2026-03-23,日盘,long,2026-03-23 09:10:00,38515.0,37895.0,2026-03-23 09:40:00,37895.0,stop_loss,3,1860.0,-1882.92,-0.0941
PS,2026-03-23,日盘,short,2026-03-23 13:40:00,37605.0,37795.0,2026-03-23 13:50:00,37130.0,take_profit,3,570.0,1402.58,0.0701
L,2026-03-24,夜盘,long,2026-03-24 01:10:00,9265.0,9214.0,2026-03-24 01:25:00,9214.0,stop_loss,5,255.0,-264.24,-0.0132
EG,2026-03-24,日盘,short,2026-03-24 05:40:00,5377.0,5397.0,2026-03-24 05:55:00,5327.0,take_profit,10,200.0,489.3,0.0245
PS,2026-03-24,日盘,short,2026-03-24 09:10:00,36260.0,36435.0,2026-03-24 09:40:00,35822.5,take_profit,3,525.0,1290.88,0.0645
PS,2026-03-24,日盘,long,2026-03-24 13:40:00,35405.0,35205.0,2026-03-24 14:00:00,35205.0,stop_loss,3,600.0,-621.18,-0.0311
L,2026-03-25,夜盘,long,2026-03-25 01:10:00,8438.0,8380.0,2026-03-25 02:10:00,8583.0,take_profit,5,290.0,716.49,0.0358
EG,2026-03-25,夜盘,long,2026-03-25 01:10:00,4834.0,4778.0,2026-03-25 03:25:00,4950.0,forced_close,10,560.0,1150.22,0.0575
L,2026-03-25,日盘,short,2026-03-25 05:40:00,8677.0,8745.0,2026-03-25 05:45:00,8745.0,stop_loss,5,340.0,-348.71,-0.0174
EG,2026-03-25,日盘,short,2026-03-25 05:40:00,4983.0,5035.0,2026-03-25 05:50:00,5035.0,stop_loss,10,520.0,-530.02,-0.0265
PS,2026-03-25,日盘,long,2026-03-25 13:40:00,36765.0,36640.0,2026-03-25 13:50:00,36640.0,stop_loss,3,375.0,-397.02,-0.0199
L,2026-03-26,夜盘,long,2026-03-26 01:10:00,8824.0,8762.0,2026-03-26 01:30:00,8762.0,stop_loss,5,310.0,-318.79,-0.0159
EG,2026-03-26,日盘,long,2026-03-26 05:40:00,5065.0,5052.0,2026-03-26 05:55:00,5097.5,take_profit,10,130.0,314.84,0.0157
PS,2026-03-26,日盘,short,2026-03-26 09:10:00,35900.0,36350.0,2026-03-26 09:40:00,36350.0,stop_loss,3,1350.0,-1371.68,-0.0686
L,2026-03-26,日盘,short,2026-03-26 13:10:00,8841.0,8883.0,2026-03-26 14:30:00,8736.0,take_profit,5,210.0,516.21,0.0258
EG,2026-03-26,日盘,short,2026-03-26 13:10:00,5161.0,5188.0,2026-03-26 14:10:00,5093.5,take_profit,10,270.0,664.75,0.0332
L,2026-03-27,夜盘,short,2026-03-27 01:10:00,8749.0,8758.0,2026-03-27 01:15:00,8758.0,stop_loss,5,45.0,-53.75,-0.0027
EG,2026-03-27,夜盘,long,2026-03-27 01:10:00,5149.0,5122.0,2026-03-27 01:25:00,5216.5,take_profit,10,270.0,664.63,0.0332
EG,2026-03-30,日盘,long,2026-03-30 05:40:00,5458.0,5425.0,2026-03-30 05:45:00,5425.0,stop_loss,10,330.0,-340.88,-0.017
L,2026-03-30,日盘,long,2026-03-30 13:10:00,8845.0,8808.0,2026-03-30 14:55:00,8830.0,forced_close,5,185.0,-83.84,-0.0042
EG,2026-03-30,日盘,long,2026-03-30 13:10:00,5440.0,5391.0,2026-03-30 14:55:00,5496.0,forced_close,10,490.0,549.06,0.0275
PS,2026-03-30,日盘,long,2026-03-30 13:40:00,36405.0,36155.0,2026-03-30 14:15:00,36155.0,stop_loss,3,750.0,-771.77,-0.0386
L,2026-03-31,夜盘,short,2026-03-31 01:10:00,8685.0,8743.0,2026-03-31 01:40:00,8540.0,take_profit,5,290.0,716.39,0.0358
EG,2026-03-31,夜盘,short,2026-03-31 01:10:00,5362.0,5413.0,2026-03-31 02:05:00,5234.5,take_profit,10,510.0,1264.4,0.0632
PS,2026-03-31,日盘,long,2026-03-31 09:10:00,36595.0,36505.0,2026-03-31 09:15:00,36505.0,stop_loss,3,270.0,-291.93,-0.0146
L,2026-03-31,日盘,short,2026-03-31 13:10:00,8584.0,8625.0,2026-03-31 13:55:00,8625.0,stop_loss,5,205.0,-213.6,-0.0107
L,2026-04-01,日盘,short,2026-04-01 05:40:00,8562.0,8632.0,2026-04-01 06:30:00,8387.0,take_profit,5,350.0,866.53,0.0433
EG,2026-04-01,日盘,short,2026-04-01 05:40:00,5084.0,5129.0,2026-04-01 06:25:00,4971.5,take_profit,10,450.0,1114.94,0.0557
L,2026-04-01,日盘,short,2026-04-01 13:10:00,8432.0,8460.0,2026-04-01 13:20:00,8460.0,stop_loss,5,140.0,-148.45,-0.0074
EG,2026-04-01,日盘,short,2026-04-01 13:10:00,4927.0,4949.0,2026-04-01 13:35:00,4872.0,take_profit,10,220.0,540.2,0.027
L,2026-04-02,夜盘,long,2026-04-02 01:10:00,8511.0,8455.0,2026-04-02 01:30:00,8651.0,take_profit,5,280.0,691.42,0.0346
L,2026-04-02,日盘,short,2026-04-02 05:40:00,8694.0,8707.0,2026-04-02 05:45:00,8707.0,stop_loss,5,65.0,-73.7,-0.0037
PS,2026-04-02,日盘,short,2026-04-02 09:10:00,35610.0,35680.0,2026-04-02 09:15:00,35435.0,take_profit,3,210.0,503.69,0.0252
EG,2026-04-02,日盘,long,2026-04-02 13:10:00,5262.0,5251.0,2026-04-02 13:15:00,5251.0,stop_loss,10,110.0,-120.51,-0.006
EG,2026-04-03,夜盘,short,2026-04-03 01:10:00,5083.0,5100.0,2026-04-03 01:20:00,5040.5,take_profit,10,170.0,414.88,0.0207
L,2026-04-03,日盘,long,2026-04-03 05:40:00,8663.0,8644.0,2026-04-03 05:45:00,8644.0,stop_loss,5,95.0,-103.65,-0.0052
PS,2026-04-03,日盘,long,2026-04-03 09:10:00,34355.0,34215.0,2026-04-03 09:55:00,34215.0,stop_loss,3,420.0,-440.57,-0.022
PS,2026-04-03,日盘,short,2026-04-03 13:40:00,33320.0,33415.0,2026-04-03 13:50:00,33415.0,stop_loss,3,285.0,-305.02,-0.0153
L,2026-04-07,夜盘,long,2026-04-07 01:10:00,9023.0,8988.0,2026-04-07 01:20:00,9110.5,take_profit,5,175.0,428.43,0.0214
L,2026-04-09,日盘,short,2026-04-09 05:40:00,8561.0,8590.0,2026-04-09 06:55:00,8579.0,forced_close,5,145.0,-98.57,-0.0049
EG,2026-04-09,日盘,short,2026-04-09 05:40:00,5140.0,5170.0,2026-04-09 06:55:00,5152.0,forced_close,10,300.0,-130.29,-0.0065
PS,2026-04-09,日盘,short,2026-04-09 09:10:00,32045.0,32415.0,2026-04-09 11:25:00,31670.0,forced_close,3,1110.0,1105.89,0.0553
L,2026-04-10,日盘,long,2026-04-10 05:40:00,8408.0,8380.0,2026-04-10 05:50:00,8380.0,stop_loss,5,140.0,-148.39,-0.0074
PS,2026-04-10,日盘,short,2026-04-10 13:40:00,32070.0,32220.0,2026-04-10 14:15:00,32220.0,stop_loss,3,450.0,-469.29,-0.0235
L,2026-04-13,夜盘,short,2026-04-13 01:10:00,8442.0,8476.0,2026-04-13 03:25:00,8437.0,forced_close,5,170.0,16.56,0.0008
EG,2026-04-13,夜盘,short,2026-04-13 01:10:00,5020.0,5056.0,2026-04-13 03:25:00,5005.0,forced_close,10,360.0,139.98,0.007
L,2026-04-13,日盘,short,2026-04-13 05:40:00,8422.0,8437.0,2026-04-13 05:50:00,8437.0,stop_loss,5,75.0,-83.43,-0.0042
EG,2026-04-13,日盘,short,2026-04-13 05:40:00,5013.0,5021.0,2026-04-13 05:45:00,4993.0,take_profit,10,80.0,189.99,0.0095
PS,2026-04-13,日盘,long,2026-04-13 09:10:00,32705.0,32340.0,2026-04-13 09:50:00,32340.0,stop_loss,3,1095.0,-1114.51,-0.0557
PS,2026-04-14,日盘,long,2026-04-14 09:10:00,35185.0,35095.0,2026-04-14 09:15:00,35410.0,take_profit,3,270.0,653.82,0.0327
L,2026-04-15,夜盘,short,2026-04-15 01:10:00,7972.0,8010.0,2026-04-15 01:35:00,8010.0,stop_loss,5,190.0,-197.99,-0.0099
L,2026-04-15,日盘,short,2026-04-15 13:10:00,8035.0,8058.0,2026-04-15 14:55:00,8024.0,forced_close,5,115.0,46.97,0.0023
EG,2026-04-15,日盘,short,2026-04-15 13:10:00,4919.0,4931.0,2026-04-15 14:30:00,4931.0,stop_loss,10,120.0,-129.85,-0.0065
PS,2026-04-15,日盘,long,2026-04-15 13:40:00,39180.0,39000.0,2026-04-15 13:45:00,39000.0,stop_loss,3,540.0,-563.45,-0.0282
L,2026-04-16,夜盘,long,2026-04-16 01:10:00,8010.0,7989.0,2026-04-16 01:50:00,8062.5,take_profit,5,105.0,254.46,0.0127
L,2026-04-16,日盘,long,2026-04-16 05:40:00,8059.0,8050.0,2026-04-16 05:45:00,8050.0,stop_loss,5,45.0,-53.05,-0.0027
EG,2026-04-16,日盘,long,2026-04-16 05:40:00,5023.0,5004.0,2026-04-16 05:55:00,5004.0,stop_loss,10,190.0,-200.03,-0.01
L,2026-04-16,日盘,long,2026-04-16 13:10:00,8133.0,8106.0,2026-04-16 13:15:00,8106.0,stop_loss,5,135.0,-143.12,-0.0072
EG,2026-04-16,日盘,long,2026-04-16 13:10:00,5004.0,5000.0,2026-04-16 13:15:00,5000.0,stop_loss,10,40.0,-50.0,-0.0025
L,2026-04-17,夜盘,short,2026-04-17 01:10:00,8157.0,8167.0,2026-04-17 01:15:00,8132.0,take_profit,5,50.0,116.86,0.0058
EG,2026-04-17,夜盘,short,2026-04-17 01:10:00,4991.0,5003.0,2026-04-17 01:30:00,4961.0,take_profit,10,120.0,290.05,0.0145
L,2026-04-17,日盘,short,2026-04-17 13:10:00,7888.0,7912.0,2026-04-17 13:25:00,7912.0,stop_loss,5,120.0,-127.9,-0.0064
EG,2026-04-20,夜盘,long,2026-04-20 01:10:00,4910.0,4896.0,2026-04-20 01:25:00,4896.0,stop_loss,10,140.0,-149.81,-0.0075
L,2026-04-20,日盘,short,2026-04-20 05:40:00,7973.0,7990.0,2026-04-20 05:45:00,7990.0,stop_loss,5,85.0,-92.98,-0.0046
EG,2026-04-20,日盘,short,2026-04-20 05:40:00,4816.0,4833.0,2026-04-20 06:50:00,4833.0,stop_loss,10,170.0,-179.65,-0.009
PS,2026-04-20,日盘,short,2026-04-20 09:10:00,40140.0,40295.0,2026-04-20 09:15:00,40295.0,stop_loss,3,465.0,-489.13,-0.0245
L,2026-04-20,日盘,short,2026-04-20 13:10:00,7944.0,7960.0,2026-04-20 13:25:00,7904.0,take_profit,5,80.0,192.08,0.0096
EG,2026-04-20,日盘,short,2026-04-20 13:10:00,4678.0,4700.0,2026-04-20 14:05:00,4700.0,stop_loss,10,220.0,-229.38,-0.0115
L,2026-04-21,日盘,long,2026-04-21 05:40:00,7985.0,7958.0,2026-04-21 06:00:00,7958.0,stop_loss,5,135.0,-142.97,-0.0071
EG,2026-04-21,日盘,long,2026-04-21 05:40:00,4745.0,4733.0,2026-04-21 06:40:00,4775.0,take_profit,10,120.0,290.48,0.0145
EG,2026-04-21,日盘,short,2026-04-21 13:10:00,4758.0,4767.0,2026-04-21 14:10:00,4767.0,stop_loss,10,90.0,-99.52,-0.005
L,2026-04-22,日盘,long,2026-04-22 05:40:00,8090.0,8076.0,2026-04-22 06:00:00,8076.0,stop_loss,5,70.0,-78.08,-0.0039
EG,2026-04-22,日盘,long,2026-04-22 05:40:00,4830.0,4819.0,2026-04-22 06:05:00,4819.0,stop_loss,10,110.0,-119.65,-0.006
PS,2026-04-22,日盘,short,2026-04-22 13:40:00,44995.0,45110.0,2026-04-22 13:45:00,45110.0,stop_loss,3,345.0,-372.03,-0.0186
L,2026-04-23,日盘,long,2026-04-23 05:40:00,8140.0,8126.0,2026-04-23 05:55:00,8126.0,stop_loss,5,70.0,-78.13,-0.0039
EG,2026-04-23,日盘,long,2026-04-23 05:40:00,4844.0,4838.0,2026-04-23 05:45:00,4859.0,take_profit,10,60.0,140.3,0.007
PS,2026-04-23,日盘,long,2026-04-23 09:10:00,46215.0,45815.0,2026-04-23 09:15:00,45815.0,stop_loss,3,1200.0,-1227.61,-0.0614
L,2026-04-23,日盘,long,2026-04-23 13:10:00,8163.0,8141.0,2026-04-23 13:45:00,8141.0,stop_loss,5,110.0,-118.15,-0.0059
PS,2026-04-23,日盘,long,2026-04-23 13:40:00,43740.0,43605.0,2026-04-23 13:45:00,44077.5,take_profit,3,405.0,986.15,0.0493
EG,2026-04-24,夜盘,short,2026-04-24 01:10:00,4860.0,4868.0,2026-04-24 01:25:00,4868.0,stop_loss,10,80.0,-89.73,-0.0045
EG,2026-04-24,日盘,long,2026-04-24 05:40:00,4803.0,4794.0,2026-04-24 05:50:00,4825.5,take_profit,10,90.0,215.37,0.0108
PS,2026-04-24,日盘,long,2026-04-24 09:10:00,42975.0,42715.0,2026-04-24 09:45:00,42715.0,stop_loss,3,780.0,-805.71,-0.0403
EG,2026-04-24,日盘,short,2026-04-24 13:10:00,4793.0,4810.0,2026-04-24 14:55:00,4800.0,forced_close,10,170.0,-79.59,-0.004
PS,2026-04-24,日盘,short,2026-04-24 13:40:00,41310.0,41355.0,2026-04-24 13:50:00,41355.0,stop_loss,3,135.0,-159.8,-0.008
EG,2026-04-27,日盘,long,2026-04-27 05:40:00,4978.0,4962.0,2026-04-27 05:45:00,4962.0,stop_loss,10,160.0,-169.94,-0.0085
PS,2026-04-27,日盘,short,2026-04-27 09:10:00,39755.0,40100.0,2026-04-27 09:15:00,40100.0,stop_loss,3,1035.0,-1058.96,-0.0529
L,2026-04-27,日盘,long,2026-04-27 13:10:00,8261.0,8243.0,2026-04-27 13:15:00,8243.0,stop_loss,5,90.0,-98.25,-0.0049
EG,2026-04-27,日盘,short,2026-04-27 13:10:00,4916.0,4929.0,2026-04-27 14:55:00,4922.0,forced_close,10,130.0,-69.84,-0.0035
L,2026-04-28,日盘,long,2026-04-28 05:40:00,8361.0,8338.0,2026-04-28 06:05:00,8338.0,stop_loss,5,115.0,-123.35,-0.0062
PS,2026-04-28,日盘,short,2026-04-28 13:40:00,37915.0,38040.0,2026-04-28 13:50:00,38040.0,stop_loss,3,375.0,-397.79,-0.0199
L,2026-04-29,夜盘,long,2026-04-29 01:10:00,8414.0,8390.0,2026-04-29 02:30:00,8390.0,stop_loss,5,120.0,-128.4,-0.0064
EG,2026-04-29,夜盘,long,2026-04-29 01:10:00,5024.0,5006.0,2026-04-29 02:30:00,5006.0,stop_loss,10,180.0,-190.03,-0.0095
L,2026-04-29,日盘,short,2026-04-29 05:40:00,8388.0,8398.0,2026-04-29 05:55:00,8398.0,stop_loss,5,50.0,-58.39,-0.0029
EG,2026-04-29,日盘,short,2026-04-29 05:40:00,5018.0,5021.0,2026-04-29 05:45:00,5021.0,stop_loss,10,30.0,-40.04,-0.002
L,2026-04-29,日盘,short,2026-04-29 13:10:00,8446.0,8457.0,2026-04-29 13:15:00,8457.0,stop_loss,5,55.0,-63.45,-0.0032
EG,2026-04-29,日盘,short,2026-04-29 13:10:00,5087.0,5096.0,2026-04-29 13:20:00,5096.0,stop_loss,10,90.0,-100.18,-0.005
PS,2026-04-29,日盘,short,2026-04-29 13:40:00,38645.0,39350.0,2026-04-29 14:55:00,38585.0,forced_close,3,2115.0,156.83,0.0078
L,2026-04-30,夜盘,short,2026-04-30 01:10:00,8444.0,8454.0,2026-04-30 01:15:00,8454.0,stop_loss,5,50.0,-58.45,-0.0029
EG,2026-04-30,夜盘,short,2026-04-30 01:10:00,5065.0,5073.0,2026-04-30 01:15:00,5073.0,stop_loss,10,80.0,-90.14,-0.0045
EG,2026-04-30,日盘,long,2026-04-30 05:40:00,5089.0,5079.0,2026-04-30 05:55:00,5114.0,take_profit,10,100.0,239.8,0.012
PS,2026-04-30,日盘,long,2026-04-30 09:10:00,38795.0,38605.0,2026-04-30 09:25:00,38605.0,stop_loss,3,570.0,-593.22,-0.0297
L,2026-05-06,夜盘,long,2026-05-06 01:10:00,8473.0,8450.0,2026-05-06 01:35:00,8450.0,stop_loss,5,115.0,-123.46,-0.0062
EG,2026-05-06,夜盘,long,2026-05-06 01:10:00,5130.0,5104.0,2026-05-06 03:25:00,5151.0,forced_close,10,260.0,199.72,0.01
L,2026-05-06,日盘,long,2026-05-06 05:40:00,8510.0,8503.0,2026-05-06 05:45:00,8503.0,stop_loss,5,35.0,-43.51,-0.0022
EG,2026-05-06,日盘,long,2026-05-06 05:40:00,5196.0,5173.0,2026-05-06 06:10:00,5173.0,stop_loss,10,230.0,-240.37,-0.012
PS,2026-05-06,日盘,short,2026-05-06 09:10:00,38900.0,39010.0,2026-05-06 09:15:00,39010.0,stop_loss,3,330.0,-353.37,-0.0177
PS,2026-05-06,日盘,short,2026-05-06 13:40:00,39155.0,39210.0,2026-05-06 13:45:00,39210.0,stop_loss,3,165.0,-188.51,-0.0094
L,2026-05-07,夜盘,short,2026-05-07 01:10:00,8252.0,8263.0,2026-05-07 01:15:00,8224.5,take_profit,5,55.0,129.26,0.0065
EG,2026-05-07,夜盘,short,2026-05-07 01:10:00,5004.0,5023.0,2026-05-07 01:30:00,4956.5,take_profit,10,190.0,465.04,0.0233
EG,2026-05-07,日盘,short,2026-05-07 05:40:00,4865.0,4872.0,2026-05-07 06:20:00,4847.5,take_profit,10,70.0,165.29,0.0083
PS,2026-05-07,日盘,long,2026-05-07 09:10:00,40025.0,39705.0,2026-05-07 10:40:00,40825.0,take_profit,3,960.0,2375.74,0.1188
L,2026-05-07,日盘,long,2026-05-07 13:10:00,8025.0,8014.0,2026-05-07 13:20:00,8014.0,stop_loss,5,55.0,-63.02,-0.0032
EG,2026-05-07,日盘,long,2026-05-07 13:10:00,4821.0,4810.0,2026-05-07 13:20:00,4810.0,stop_loss,10,110.0,-119.63,-0.006
L,2026-05-08,夜盘,short,2026-05-08 01:10:00,8078.0,8093.0,2026-05-08 03:25:00,8056.0,forced_close,5,75.0,101.93,0.0051
EG,2026-05-08,夜盘,short,2026-05-08 01:10:00,4834.0,4846.0,2026-05-08 01:35:00,4846.0,stop_loss,10,120.0,-129.68,-0.0065
EG,2026-05-08,日盘,long,2026-05-08 05:40:00,4782.0,4771.0,2026-05-08 06:15:00,4771.0,stop_loss,10,110.0,-119.55,-0.006
PS,2026-05-08,日盘,short,2026-05-08 09:10:00,40795.0,40950.0,2026-05-08 09:20:00,40950.0,stop_loss,3,465.0,-489.52,-0.0245
L,2026-05-08,日盘,long,2026-05-08 13:10:00,8100.0,8081.0,2026-05-08 13:20:00,8081.0,stop_loss,5,95.0,-103.09,-0.0052
PS,2026-05-08,日盘,short,2026-05-08 13:40:00,39670.0,39765.0,2026-05-08 13:45:00,39765.0,stop_loss,3,285.0,-308.83,-0.0154
L,2026-05-11,夜盘,short,2026-05-11 01:10:00,8149.0,8169.0,2026-05-11 01:35:00,8169.0,stop_loss,5,100.0,-108.16,-0.0054
L,2026-05-11,日盘,short,2026-05-11 05:40:00,8206.0,8217.0,2026-05-11 05:45:00,8217.0,stop_loss,5,55.0,-63.21,-0.0032
EG,2026-05-11,日盘,short,2026-05-11 13:10:00,4783.0,4799.0,2026-05-11 13:30:00,4799.0,stop_loss,10,160.0,-169.58,-0.0085
L,2026-05-12,夜盘,short,2026-05-12 01:10:00,8160.0,8166.0,2026-05-12 01:15:00,8166.0,stop_loss,5,30.0,-38.16,-0.0019
EG,2026-05-12,日盘,short,2026-05-12 05:40:00,4807.0,4812.0,2026-05-12 05:45:00,4812.0,stop_loss,10,50.0,-59.62,-0.003
PS,2026-05-12,日盘,short,2026-05-12 09:10:00,37485.0,37745.0,2026-05-12 11:20:00,36835.0,take_profit,3,780.0,1927.7,0.0964
L,2026-05-12,日盘,short,2026-05-12 13:10:00,8240.0,8248.0,2026-05-12 13:15:00,8248.0,stop_loss,5,40.0,-48.24,-0.0024
L,2026-05-13,日盘,long,2026-05-13 05:40:00,8158.0,8148.0,2026-05-13 05:45:00,8148.0,stop_loss,5,50.0,-58.15,-0.0029
EG,2026-05-13,日盘,long,2026-05-13 05:40:00,4832.0,4824.0,2026-05-13 05:45:00,4824.0,stop_loss,10,80.0,-89.66,-0.0045
L,2026-05-14,夜盘,short,2026-05-14 01:10:00,8163.0,8181.0,2026-05-14 01:35:00,8118.0,take_profit,5,90.0,216.86,0.0108
L,2026-05-14,日盘,short,2026-05-14 05:40:00,8102.0,8116.0,2026-05-14 06:35:00,8067.0,take_profit,5,70.0,166.92,0.0083
EG,2026-05-14,日盘,short,2026-05-14 05:40:00,4702.0,4710.0,2026-05-14 05:55:00,4682.0,take_profit,10,80.0,190.62,0.0095
EG,2026-05-14,日盘,long,2026-05-14 13:10:00,4711.0,4690.0,2026-05-14 14:55:00,4744.0,forced_close,10,210.0,320.54,0.016
EG,2026-05-15,夜盘,long,2026-05-15 01:10:00,4762.0,4755.0,2026-05-15 01:15:00,4755.0,stop_loss,10,70.0,-79.52,-0.004
PS,2026-05-15,日盘,long,2026-05-15 09:10:00,37825.0,37620.0,2026-05-15 09:35:00,37620.0,stop_loss,3,615.0,-637.63,-0.0319
L,2026-05-15,日盘,long,2026-05-15 13:10:00,8030.0,8021.0,2026-05-15 13:25:00,8052.5,take_profit,5,45.0,104.46,0.0052
PS,2026-05-15,日盘,short,2026-05-15 13:40:00,37275.0,37545.0,2026-05-15 14:55:00,37025.0,forced_close,3,810.0,727.71,0.0364
EG,2026-05-18,日盘,short,2026-05-18 05:40:00,4798.0,4803.0,2026-05-18 05:45:00,4803.0,stop_loss,10,50.0,-59.6,-0.003
L,2026-05-18,日盘,short,2026-05-18 13:10:00,8016.0,8077.0,2026-05-18 14:55:00,8053.0,forced_close,5,305.0,-193.03,-0.0097
L,2026-05-19,夜盘,long,2026-05-19 01:10:00,8056.0,8034.0,2026-05-19 01:45:00,8034.0,stop_loss,5,110.0,-118.04,-0.0059
L,2026-05-19,日盘,long,2026-05-19 13:10:00,8111.0,8078.0,2026-05-19 13:25:00,8193.5,take_profit,5,165.0,404.35,0.0202
EG,2026-05-19,日盘,long,2026-05-19 13:10:00,4768.0,4752.0,2026-05-19 13:45:00,4752.0,stop_loss,10,160.0,-169.52,-0.0085
PS,2026-05-19,日盘,long,2026-05-19 13:40:00,36400.0,36300.0,2026-05-19 14:20:00,36300.0,stop_loss,3,300.0,-321.81,-0.0161
EG,2026-05-20,日盘,long,2026-05-20 05:40:00,4733.0,4724.0,2026-05-20 05:50:00,4755.5,take_profit,10,90.0,215.51,0.0108
L,2026-05-20,日盘,short,2026-05-20 13:10:00,8063.0,8081.0,2026-05-20 13:20:00,8081.0,stop_loss,5,90.0,-98.07,-0.0049
L,2026-05-21,夜盘,long,2026-05-21 01:10:00,8035.0,8027.0,2026-05-21 01:25:00,8027.0,stop_loss,5,40.0,-48.03,-0.0024
EG,2026-05-21,夜盘,long,2026-05-21 01:10:00,4695.0,4683.0,2026-05-21 01:25:00,4683.0,stop_loss,10,120.0,-129.38,-0.0065
L,2026-05-21,日盘,short,2026-05-21 05:40:00,8020.0,8027.0,2026-05-21 05:45:00,8027.0,stop_loss,5,35.0,-43.02,-0.0022
EG,2026-05-21,日盘,long,2026-05-21 13:10:00,4696.0,4687.0,2026-05-21 13:45:00,4687.0,stop_loss,10,90.0,-99.38,-0.005
L,2026-05-22,夜盘,short,2026-05-22 01:10:00,7962.0,7988.0,2026-05-22 01:30:00,7897.0,take_profit,5,130.0,317.07,0.0159
EG,2026-05-22,夜盘,short,2026-05-22 01:10:00,4630.0,4669.0,2026-05-22 02:05:00,4532.5,take_profit,10,390.0,965.84,0.0483
L,2026-05-22,日盘,short,2026-05-22 13:10:00,7903.0,7912.0,2026-05-22 13:15:00,7912.0,stop_loss,5,45.0,-52.91,-0.0026
L,2026-05-25,夜盘,long,2026-05-25 01:10:00,7962.0,7935.0,2026-05-25 01:30:00,7935.0,stop_loss,5,135.0,-142.95,-0.0071
EG,2026-05-25,夜盘,long,2026-05-25 01:10:00,4546.0,4529.0,2026-05-25 01:40:00,4529.0,stop_loss,10,170.0,-179.08,-0.009
EG,2026-05-25,日盘,long,2026-05-25 05:40:00,4395.0,4386.0,2026-05-25 05:45:00,4417.5,take_profit,10,90.0,216.19,0.0108
L,2026-05-26,夜盘,short,2026-05-26 01:10:00,7811.0,7833.0,2026-05-26 03:10:00,7756.0,take_profit,5,110.0,267.22,0.0134
EG,2026-05-26,夜盘,short,2026-05-26 01:10:00,4475.0,4494.0,2026-05-26 01:25:00,4494.0,stop_loss,10,190.0,-198.97,-0.0099
L,2026-05-26,日盘,short,2026-05-26 05:40:00,7774.0,7788.0,2026-05-26 05:45:00,7788.0,stop_loss,5,70.0,-77.78,-0.0039
L,2026-05-26,日盘,short,2026-05-26 13:10:00,7803.0,7821.0,2026-05-26 13:15:00,7821.0,stop_loss,5,90.0,-97.81,-0.0049
PS,2026-05-26,日盘,short,2026-05-26 13:40:00,37855.0,37890.0,2026-05-26 13:45:00,37890.0,stop_loss,3,105.0,-127.72,-0.0064
EG,2026-05-27,夜盘,short,2026-05-27 01:10:00,4442.0,4453.0,2026-05-27 01:15:00,4453.0,stop_loss,10,110.0,-118.9,-0.0059
PS,2026-05-27,日盘,long,2026-05-27 09:10:00,37375.0,37300.0,2026-05-27 09:15:00,37300.0,stop_loss,3,225.0,-247.4,-0.0124
EG,2026-05-27,日盘,long,2026-05-27 13:10:00,4395.0,4379.0,2026-05-27 14:20:00,4435.0,take_profit,10,160.0,391.17,0.0196
L,2026-05-29,日盘,long,2026-05-29 05:40:00,7796.0,7777.0,2026-05-29 05:50:00,7843.5,take_profit,5,95.0,229.68,0.0115
EG,2026-05-29,日盘,long,2026-05-29 05:40:00,4434.0,4426.0,2026-05-29 05:50:00,4454.0,take_profit,10,80.0,191.11,0.0096
